frame,raw_jsonl_line,raw_query_time,action_state_mm,action_next_state_mm,prediction_target_mm,prediction_state_mm,prediction_rotation_error_deg,state_x_m,state_y_m,state_z_m,state_rx_rad,state_ry_rad,state_rz_rad,state_finger_m,action_x_m,action_y_m,action_z_m,action_rx_rad,action_ry_rad,action_rz_rad,action_finger_m,prediction_x_m,prediction_y_m,prediction_z_m,prediction_rx_rad,prediction_ry_rad,prediction_rz_rad,prediction_finger_m
0,1229,24511.5857905595,423.3592351872042,423.3590722114941,418.9058707909173,8.677727093356062,2.70686751906385,0.3063921630382538,0.0002910615294240415,0.41434961557388306,2.902355909347534,-1.2015279531478882,-0.0070025245659053326,0.04137665033340454,0.6882120966911316,-0.029003186151385307,0.23382696509361267,-2.869476556777954,1.235101580619812,0.014722269959747791,0.042500000447034836,0.307267427444458,-0.0011219511507079005,0.40583255887031555,2.9535155296325684,-1.2319002151489258,-0.004743251949548721,0.04272870346903801
1,1230,24511.6859002595,423.3590722114941,423.3587339636871,362.6426281071859,101.82294719659097,1.7915466397623134,0.306393027305603,0.0002913392672780901,0.4143510162830353,2.902357816696167,-1.2015204429626465,-0.006995273754000664,0.04137665033340454,0.6882120966911316,-0.029003186151385307,0.23382696509361267,-2.869476556777954,1.235101580619812,0.014722269959747791,0.042500000447034836,0.34530121088027954,0.04041313752532005,0.32923752069473267,2.871005058288574,-1.2462424039840698,-0.029412034898996353,0.04308130219578743
2,1231,24511.786391782,423.3587339636871,423.3592613730701,409.6211559675539,13.890488636979295,2.961816230856708,0.3063927888870239,0.00028701621340587735,0.4143504202365875,2.9023478031158447,-1.2015321254730225,-0.007001677993685007,0.04137665033340454,0.6882120966911316,-0.029003186151385307,0.23382696509361267,-2.869476556777954,1.235101580619812,0.014722269959747791,0.042500000447034836,0.3180484473705292,-0.0019760737195611,0.40714141726493835,2.9291751384735107,-1.1731007099151611,-0.003652793588116765,0.04280029982328415
3,1232,24511.8866271835,423.3592613730701,423.35916651990607,262.4501792815033,169.38704019146286,27.56361341530797,0.3063925504684448,0.00028987813857384026,0.414350688457489,2.902351140975952,-1.2015312910079956,-0.006999308243393898,0.04137665033340454,0.6882120966911316,-0.029003186151385307,0.23382696509361267,-2.869476556777954,1.235101580619812,0.014722269959747791,0.042500000447034836,0.44857650995254517,-0.05175326392054558,0.33840858936309814,3.1111021041870117,-1.7803682088851929,-0.01075970008969307,0.04300738871097565
4,1233,24511.9869824015,423.35916651990607,423.35862779193303,410.9420328080869,52.201698564847256,40.35157173060802,0.30639341473579407,0.00029114034259691834,0.41435208916664124,2.9023571014404297,-1.2015306949615479,-0.006993346847593784,0.04137665033340454,0.6882120966911316,-0.029003186151385307,0.23382696509361267,-2.869476556777954,1.235101580619812,0.014722269959747791,0.042500000447034836,0.3006938695907593,0.012883013114333153,0.3640134632587433,2.8691632747650146,-2.2472939491271973,-0.004208364523947239,0.042516130954027176
5,1234,24512.088243907,423.35862779193303,423.36043575864574,400.60995318047856,44.32870945494395,5.8940344280199986,0.30639371275901794,0.00029146316228434443,0.4143514037132263,2.902358293533325,-1.2015185356140137,-0.006995480973273516,0.04137665033340454,0.6882120966911316,-0.029003186151385307,0.23382696509361267,-2.869476556777954,1.235101580619812,0.014722269959747791,0.042500000447034836,0.3152398467063904,0.014682655222713947,0.373367577791214,2.832749366760254,-1.1629146337509155,-0.005644457880407572,0.04274309426546097
6,1235,24512.188603929,423.36043575864574,423.35908595746224,413.08129905506587,11.421543874950766,2.66576721805717,0.30639204382896423,0.0002914313809014857,0.4143521189689636,2.9023520946502686,-1.2015302181243896,-0.006996104959398508,0.04137665033340454,0.6882120966911316,-0.029003186151385307,0.23382696509361267,-2.869476556777954,1.235101580619812,0.014722269959747791,0.042500000447034836,0.31646013259887695,-0.004687568172812462,0.41227972507476807,2.9532241821289062,-1.2222585678100586,-0.01735588349401951,0.04277593642473221
7,1236,24512.288530539,423.35908595746224,423.35873500892245,394.5996198680555,38.61384474109843,11.636824992527323,0.3063940405845642,0.0002896850637625903,0.41435346007347107,2.902355909347534,-1.2015272378921509,-0.006985254120081663,0.04137665033340454,0.6882120966911316,-0.029003186151385307,0.23382696509361267,-2.869476556777954,1.235101580619812,0.014722269959747791,0.042500000447034836,0.3298387825489044,0.02060377411544323,0.39135974645614624,2.8404195308685303,-1.5526338815689087,-0.007016515824943781,0.042470838874578476
8,1237,24512.3886028845,423.35873500892245,423.3593077226074,409.04178431216064,17.123904921315415,2.628599939990123,0.3063932955265045,0.00029032930615358055,0.4143509566783905,2.9023516178131104,-1.201535701751709,-0.00699853990226984,0.04137665033340454,0.6882120966911316,-0.029003186151385307,0.23382696509361267,-2.869476556777954,1.235101580619812,0.014722269959747791,0.042500000447034836,0.3157687783241272,0.0018525654450058937,0.40010708570480347,2.8591573238372803,-1.2335141897201538,-0.0271751806139946,0.0422956719994545
9,1238,24512.4888697125,423.3593077226074,423.35916422886163,417.2786890845664,15.721623720542235,3.4307996099968445,0.3063942790031433,0.0002901204861700535,0.4143544137477875,2.9023568630218506,-1.2015260457992554,-0.0069823800586164,0.04137665033340454,0.6882120966911316,-0.029003186151385307,0.23382696509361267,-2.869476556777954,1.235101580619812,0.014722269959747791,0.042500000447034836,0.31214115023612976,0.0140706617385149,0.4094310402870178,2.865316152572632,-1.1938101053237915,-0.010669120587408543,0.042795125395059586
10,1239,24512.589125052,423.35916422886163,423.3598567418247,405.8800984120371,23.54543386346601,15.320211217397496,0.3063943088054657,0.000290822732495144,0.41435402631759644,2.902357339859009,-1.2015284299850464,-0.006990109570324421,0.04137665033340454,0.6882120966911316,-0.029003186151385307,0.23382696509361267,-2.869476556777954,1.235101580619812,0.014722269959747791,0.042500000447034836,0.3157684803009033,-0.0042425948195159435,0.3932362496852875,3.1264662742614746,-1.398544192314148,-0.01258218102157116,0.04275922477245331
11,1240,24512.690327499,3.737056509180582,3.5618065699605297,24.664679484195315,21.74714533725738,1.3030729374746575,0.3063916563987732,0.00029068588628433645,0.41435006260871887,2.902350664138794,-1.2015317678451538,-0.0069979275576770306,0.04137665033340454,0.3085617125034332,7.186610309872776e-05,0.4113155007362366,2.9023568630218506,-1.2015291452407837,-0.006989121902734041,0.042500000447034836,0.2859356105327606,-0.00437747361138463,0.4200681746006012,2.926037073135376,-1.181688666343689,-0.011456531472504139,0.042809560894966125
12,1241,24512.790755613998,13.964704921733494,11.247713188125623,8.963146496454964,9.629950184100629,3.4323056530890703,0.3063579499721527,0.0002911885385401547,0.414105087518692,2.90221905708313,-1.2014751434326172,-0.007541446015238762,0.04137665033340454,0.31553977727890015,0.00016097197658382356,0.40358415246009827,2.9023568630218506,-1.2015291452407837,-0.006989121902734041,0.042500000447034836,0.3136613070964813,-0.004973161965608597,0.4106869697570801,2.950472831726074,-1.239412784576416,-0.005104346200823784,0.042762041091918945
13,1242,24512.8910390675,27.16911914036712,18.732929400683364,25.72859856249545,39.101618098325154,57.8020029450713,0.3078313171863556,0.0002892257471103221,0.41177403926849365,-2.9025914669036865,1.2016626596450806,0.005370001774281263,0.04137665033340454,0.3269157409667969,0.0008457991643808782,0.392444372177124,2.9023568630218506,-1.2015291452407837,-0.006989121902734041,0.042500000447034836,0.3344496488571167,0.024973612278699875,0.3972453773021698,-2.2574970722198486,0.28515225648880005,0.035366784781217575,0.03585387021303177
14,1243,24512.991205954,41.68783395086753,27.85664557923893,18.491434147486277,34.44554608770875,122.83722120499107,0.3130417466163635,0.0002928203612100333,0.4050193130970001,-2.900486707687378,1.2008142471313477,-0.003247695043683052,0.04137665033340454,0.3417685627937317,0.003024039790034294,0.37493300437927246,2.9023568630218506,-1.2015291452407837,-0.006989121902734041,0.042500000447034836,0.32354405522346497,0.0014381263172253966,0.37223386764526367,0.7782353758811951,-0.7460770606994629,-0.017884012311697006,0.04241357371211052
15,1244,24513.091945927,50.564659591465194,32.169440648316424,58.127135065644914,18.445317306883886,3.035518875349985,0.3216034770011902,0.0005266707739792764,0.39398884773254395,-2.8982338905334473,1.199423909187317,-0.011319613084197044,0.04137665033340454,0.3546372056007385,0.0038845576345920563,0.355853796005249,2.9023568630218506,-1.2015291452407837,-0.006989121902734041,0.042500000447034836,0.33184799551963806,0.0017006099224090576,0.4092826843261719,-2.9415318965911865,1.2403966188430786,0.021838732063770294,0.04275947064161301
16,1245,24513.192130903,55.41677915466558,34.78622158632513,43.797194174552615,13.280834474398711,96.67891285100595,0.3327282965183258,0.000994540867395699,0.3792315721511841,-2.897780418395996,1.1976310014724731,-0.0146321477368474,0.04137665033340454,0.3671785593032837,0.002941118087619543,0.33586788177490234,2.8998401165008545,-1.1989264488220215,-0.008110182359814644,0.042500000447034836,0.33970239758491516,-0.004233705345541239,0.36921119689941406,1.3417702913284302,-0.5511026978492737,-0.025619111955165863,0.0424906462430954
17,1246,24513.2930816055,52.449411459264596,31.88486025199367,29.62303550848063,54.149686843400126,21.556075409761444,0.344949871301651,0.001307681668549776,0.3625755310058594,-2.899477243423462,1.1970899105072021,-0.010877174325287342,0.04137665033340454,0.37623652815818787,0.0020712914410978556,0.32048630714416504,2.8998401165008545,-1.1989264488220215,-0.008110182359814644,0.042500000447034836,0.34915396571159363,0.00043141053174622357,0.3085964024066925,2.4995789527893066,-1.2256906032562256,0.006444815080612898,0.04251925274729729
18,1247,24513.393331753,38.89914721636996,22.152674629230628,37.19896501690826,9.50679796894253,116.80238002532423,0.3568284809589386,0.0014079287648200989,0.3457752764225006,-2.9019575119018555,1.197847843170166,-0.0017496373038738966,0.04137665033340454,0.37942585349082947,0.0011990866623818874,0.31411364674568176,2.8998401165008545,-1.1989264488220215,-0.008110182359814644,0.042500000447034836,0.35233381390571594,0.006421308033168316,0.3390638530254364,-0.9268643260002136,0.6638295650482178,0.0028814291581511497,0.04262515529990196
19,1248,24513.4925811285,22.152674629230628,11.765974572777084,17.368423713209832,8.574060230699285,14.948752129777029,0.3666183650493622,0.001413585152477026,0.3321874737739563,2.902674674987793,-1.1982815265655518,-0.011239291168749332,0.04137665033340454,0.37942585349082947,0.0011990866623818874,0.31411364674568176,2.8998401165008545,-1.1989264488220215,-0.008110182359814644,0.042500000447034836,0.37327730655670166,-0.0033799863886088133,0.3296985626220703,2.9227514266967773,-1.556512475013733,-0.02944103628396988,0.04271049052476883
20,1249,24513.5935555815,11.765974572777084,7.086916260434632,2.571800417238583,13.746653732333163,6.1852354259836115,0.37260979413986206,0.0014114920049905777,0.3237018883228302,2.8998823165893555,-1.1972583532333374,-0.02229400724172592,0.04137665033340454,0.37942585349082947,0.0011990866623818874,0.31411364674568176,2.8998401165008545,-1.1989264488220215,-0.008110182359814644,0.042500000447034836,0.37979206442832947,-0.0003822505532298237,0.312118798494339,2.976372003555298,-1.2823132276535034,-0.02904878370463848,0.041978731751441956
21,1250,24513.6937398925,7.086916260434632,5.64220190516435,36.0498381843814,40.8325280160645,75.29235021795355,0.37537264823913574,0.0014005523407831788,0.3199235796928406,2.8990042209625244,-1.1969797611236572,-0.025672219693660736,0.04137665033340454,0.37942585349082947,0.0011990866623818874,0.31411364674568176,2.8998401165008545,-1.1989264488220215,-0.008110182359814644,0.042500000447034836,0.4125641882419586,-0.01249532587826252,0.31038475036621094,4.235400199890137,-1.3397841453552246,-0.035450927913188934,0.04274415969848633
22,1251,24513.793879277997,5.64220190516435,4.268696899580606,42.196639963401665,43.26724166976884,3.265190156970051,0.3762774169445038,0.0013961647637188435,0.31879156827926636,2.8994040489196777,-1.1971818208694458,-0.024060724303126335,0.04137665033340454,0.37942585349082947,0.0011990866623818874,0.31411364674568176,2.8998401165008545,-1.1989264488220215,-0.008110182359814644,0.042500000447034836,0.3877221643924713,0.04249449819326401,0.3115805387496948,2.8483333587646484,-1.1759594678878784,-0.021385474130511284,0.04265793040394783
23,1252,24513.8948394435,3.62229236772481,3.938758854174572,15.584126278044321,13.30373019555408,2.3321537932759893,0.37676337361335754,0.0013872102135792375,0.31744495034217834,2.9002108573913574,-1.1975737810134888,-0.02076076902449131,0.04137665033340454,0.3760490119457245,0.003974504303187132,0.31987735629081726,2.899953842163086,-1.197442650794983,-0.02181752771139145,0.042500000447034836,0.38855376839637756,-0.004709708038717508,0.316548615694046,2.872558355331421,-1.163191795349121,-0.023927390575408936,0.04270533472299576
24,1253,24513.995023814998,7.064141459830264,5.777387234335367,53.716596409243486,53.49073647670963,3.6832682424139875,0.37687578797340393,0.0014535682275891304,0.31696614623069763,2.9004995822906494,-1.1973776817321777,-0.019863128662109375,0.04137665033340454,0.3832418620586395,0.0025615966878831387,0.3198205232620239,2.8965394496917725,-1.1910450458526611,-0.026760283857584,0.042500000447034836,0.3904873728752136,0.03539855778217316,0.277931272983551,2.901409149169922,-1.2797185182571411,-0.016803311184048653,0.042567070573568344
25,1254,24514.095073979,21.59638315403355,16.57303117735792,10.016811024262543,18.919548296017197,0.6624650035214367,0.3779672682285309,0.0015541862230747938,0.31768932938575745,2.901892900466919,-1.1975127458572388,-0.014570977538824081,0.04137665033340454,0.396551251411438,-0.005921262316405773,0.3096173405647278,2.894571542739868,-1.1880310773849487,-0.028811872005462646,0.042500000447034836,0.39313381910324097,0.002951391041278839,0.3064655661582947,2.885652542114258,-1.1823967695236206,-0.021220561116933823,0.042799901217222214
26,1255,24514.1951827985,43.58372784584071,35.836061105082784,42.99621487962551,2.9921343979899753,1.1557645338494213,0.38253143429756165,7.336288399528712e-05,0.3161115348339081,2.9029946327209473,-1.2006319761276245,0.0006105768261477351,0.04137665033340454,0.41635948419570923,-0.017632942646741867,0.2950950860977173,2.890342950820923,-1.1811277866363525,-0.032901961356401443,0.042500000447034836,0.38186708092689514,0.000534260761924088,0.3132307231426239,2.86933970451355,-1.1945133209228516,-0.024433506652712822,0.04267282411456108
27,1256,24514.295194837003,57.56052891107322,42.079803987939805,39.88846969001002,20.344136530670752,13.537385368222296,0.3877568542957306,-0.003216754412278533,0.311166375875473,2.9007627964019775,-1.201703429222107,0.009368948638439178,0.04137665033340454,0.4323119819164276,-0.02751246653497219,0.2840043902397156,2.8874025344848633,-1.1734520196914673,-0.03623875230550766,0.042500000447034836,0.4051389694213867,-0.0034844838082790375,0.30059877038002014,2.996084213256836,-1.4301778078079224,0.0010693827643990517,0.042622026056051254
28,1257,24514.3953140385,61.160513105145824,44.46924220306351,59.70117259789205,5.252082655581184,2.112288006679121,0.39715757966041565,-0.010856207460165024,0.3000495433807373,2.8945844173431396,-1.2001341581344604,0.012831047177314758,0.04137665033340454,0.44687286019325256,-0.037985797971487045,0.27696308493614197,2.8843395709991455,-1.1667526960372925,-0.040385521948337555,0.042500000447034836,0.39586928486824036,-0.015734221786260605,0.29859021306037903,2.900869131088257,-1.186401605606079,0.00353965419344604,0.04269882291555405
29,1258,24514.4957082435,60.06953788074314,49.50612302032714,53.12408242052898,13.335674005309254,2.6502978951727614,0.4082034230232239,-0.01990845426917076,0.2894289493560791,2.8912246227264404,-1.1972852945327759,0.0118482057005167,0.04137665033340454,0.45934680104255676,-0.04538843035697937,0.2708958685398102,2.8843395709991455,-1.1667526960372925,-0.040385521948337555,0.042500000447034836,0.4205116629600525,-0.01488389540463686,0.29047834873199463,2.884032964706421,-1.2171378135681152,0.006196266505867243,0.042678844183683395
30,1259,24514.562591559,59.99228843483875,44.804110770223225,42.30252546438052,39.028271087088044,49.885119283843714,0.4158385694026947,-0.02586415596306324,0.284188449382782,2.889104127883911,-1.1945189237594604,0.008981739170849323,0.04137665033340454,0.4686852693557739,-0.04539084434509277,0.26357269287109375,2.8843395709991455,-1.1667526960372925,-0.040385521948337555,0.042500000447034836,0.4315604865550995,-0.031394537538290024,0.24889762699604034,3.5375776290893555,-1.79364812374115,-0.012987456284463406,0.042609523981809616
31,1260,24514.6626970295,46.74362962338009,32.11565166376134,32.641354127375436,14.498268583736875,19.925495321924757,0.4278470277786255,-0.033347658812999725,0.27752289175987244,2.8887321949005127,-1.1920756101608276,0.0022733169607818127,0.04137665033340454,0.4700773060321808,-0.04109124094247818,0.2590402662754059,2.8843395709991455,-1.1667526960372925,-0.040385521948337555,0.042500000447034836,0.4405781924724579,-0.0383794866502285,0.2727481722831726,2.8348822593688965,-1.6726387739181519,-0.01340339332818985,0.042638421058654785
32,1261,24514.762927711497,32.11565166376134,17.65236910167556,23.316235745483045,17.871655096692898,11.905964077147651,0.4403092563152313,-0.03715302795171738,0.27043187618255615,2.8880813121795654,-1.1890466213226318,-0.004760237876325846,0.04137665033340454,0.4700773060321808,-0.04109124094247818,0.2590402662754059,2.8843395709991455,-1.1667526960372925,-0.040385521948337555,0.042500000447034836,0.4554850161075592,-0.043928928673267365,0.2770029902458191,3.0049030780792236,-1.359544277191162,0.027367625385522842,0.04258478805422783
33,1262,24514.862880387,17.65236910167556,7.081271927959203,12.703684878151206,10.191317400553062,2.126750862166614,0.453679621219635,-0.03828321024775505,0.26494255661964417,2.8854901790618896,-1.186814785003662,-0.006483963690698147,0.04137665033340454,0.4700773060321808,-0.04109124094247818,0.2590402662754059,2.8843395709991455,-1.1667526960372925,-0.040385521948337555,0.042500000447034836,0.45939385890960693,-0.03440447896718979,0.2574481666088104,2.8586106300354004,-1.152744174003601,-0.005155916325747967,0.04272666573524475
34,1263,24514.963863622,7.081271927959203,2.784290701448223,6.941404410353351,13.502977024621446,2.4756105343343906,0.46354374289512634,-0.03919652849435806,0.26100674271583557,2.8809189796447754,-1.1846530437469482,-0.017233973369002342,0.04137665033340454,0.4700773060321808,-0.04109124094247818,0.2590402662754059,2.8843395709991455,-1.1667526960372925,-0.040385521948337555,0.042500000447034836,0.4741799235343933,-0.04539750888943672,0.2554614841938019,2.8635103702545166,-1.1907483339309692,0.017435593530535698,0.04280784726142883
35,1264,24515.0636246315,1.4538844427423483,1.659466747336519,10.482500955063296,11.29417028104731,3.476734703339878,0.46769022941589355,-0.039723046123981476,0.2586134374141693,2.8772518634796143,-1.1829396486282349,-0.028716538101434708,0.04137665033340454,0.46706852316856384,-0.03865045681595802,0.2578539550304413,2.8772518634796143,-1.1829396486282349,-0.028716538101434708,0.042500000447034836,0.45952802896499634,-0.04071202874183655,0.25087013840675354,2.9387707710266113,-1.1904209852218628,-0.02879234403371811,0.042680613696575165
36,1265,24515.164697298504,14.084963441346321,12.261559437788682,18.627890346575917,16.894191411931104,4.706984402237609,0.46823054552078247,-0.039795856922864914,0.25815659761428833,2.8765382766723633,-1.1825639009475708,-0.031170468777418137,0.04137665033340454,0.4658334255218506,-0.03978576138615608,0.24427711963653564,2.8772518634796143,-1.1829396486282349,-0.028716538101434708,0.042500000447034836,0.48323315382003784,-0.04173864796757698,0.25063589215278625,2.877713441848755,-1.298351526260376,-0.040563151240348816,0.04274803027510643
37,1266,24515.26518964,32.012654895100724,24.876555313721997,30.352680622346114,8.890066359951653,2.3049834249753203,0.46687620878219604,-0.039585456252098083,0.25649261474609375,2.8756237030029297,-1.1816904544830322,-0.036325469613075256,0.04137665033340454,0.4653263986110687,-0.04300343617796898,0.2247007042169571,2.8772518634796143,-1.1829396486282349,-0.028716538101434708,0.042500000447034836,0.47505125403404236,-0.04120367765426636,0.2533969283103943,2.8459866046905518,-1.1567682027816772,-0.03975500166416168,0.042707525193691254
38,1267,24515.365716104498,44.4870210193594,30.430139036770132,31.167157426824268,16.86521282243099,2.4854632180761276,0.4649515450000763,-0.039488259702920914,0.24932479858398438,2.8747029304504395,-1.181183099746704,-0.041621722280979156,0.04137665033340454,0.4644623100757599,-0.04527232423424721,0.205218106508255,2.8772518634796143,-1.1829396486282349,-0.028716538101434708,0.042500000447034836,0.4685349464416504,-0.033732663840055466,0.23388239741325378,2.840747117996216,-1.159480094909668,-0.03852193057537079,0.042778708040714264
39,1268,24515.465753263998,44.75660882867597,28.088592252895065,23.41319773352931,23.386532515550805,2.595475004872733,0.46405357122421265,-0.04038133844733238,0.2352498322725296,2.873877763748169,-1.1838070154190063,-0.04272584244608879,0.04137665033340454,0.4647873342037201,-0.04633988440036774,0.19089770317077637,2.8772518634796143,-1.1829396486282349,-0.028716538101434708,0.042500000447034836,0.4702072739601135,-0.039736270904541016,0.21269665658473969,2.8479883670806885,-1.143336534500122,-0.03438795730471611,0.042760975658893585
40,1269,24515.565973295503,41.527910823063365,26.6143189518178,48.58473139465939,10.682146175582076,1.0318747510772233,0.4639933705329895,-0.04190845042467117,0.21862316131591797,2.872837543487549,-1.1883082389831543,-0.04171467199921608,0.04137665033340454,0.4663015902042389,-0.04681612178683281,0.17745091021060944,2.8772518634796143,-1.1829396486282349,-0.028716538101434708,0.042500000447034836,0.4722271263599396,-0.041965190321207047,0.22542832791805267,2.8933074474334717,-1.1700578927993774,-0.04341397061944008,0.04268892481923103
41,1270,24515.6659912945,38.372072921968815,25.234728161123286,38.032460849183565,14.763739828032188,2.647953278806486,0.46451979875564575,-0.0431288443505764,0.20374827086925507,2.8713736534118652,-1.1912492513656616,-0.04231711104512215,0.04137665033340454,0.4672824442386627,-0.046878375113010406,0.16565988957881927,2.8772518634796143,-1.1829396486282349,-0.028716538101434708,0.042500000447034836,0.4791257679462433,-0.043043944984674454,0.20159734785556793,2.8502132892608643,-1.246731162071228,-0.047925908118486404,0.04276543855667114
42,1271,24515.766651882,36.801455964207804,23.90016268476602,57.869146595946226,39.500005926865434,34.74857905689877,0.46526411175727844,-0.04386861249804497,0.19063305854797363,2.8698272705078125,-1.1921565532684326,-0.044408682733774185,0.04137665033340454,0.46854063868522644,-0.04644124209880829,0.15406814217567444,2.8772518634796143,-1.1829396486282349,-0.028716538101434708,0.042500000447034836,0.4781711995601654,-0.07993631064891815,0.20026522874832153,3.435715675354004,-1.4185909032821655,-0.05380476266145706,0.04256827384233475
43,1272,24515.866490182,30.07639866839625,18.52295162115099,33.48678476771565,10.498611622878313,1.8177785014758985,0.46621841192245483,-0.04429012909531593,0.17775775492191315,2.8688390254974365,-1.1919447183609009,-0.04520067572593689,0.04137665033340454,0.46871909499168396,-0.04445187374949455,0.14778593182563782,2.8772518634796143,-1.1829396486282349,-0.028716538101434708,0.042500000447034836,0.4763775169849396,-0.04392668232321739,0.18038098514080048,2.8617265224456787,-1.1579105854034424,-0.056647006422281265,0.042731236666440964
44,1273,24515.966586319002,22.651783506626177,13.703067768970937,29.54369102096547,23.04878974442495,78.6327133369654,0.4670678675174713,-0.04439337179064751,0.1662350445985794,2.868048667907715,-1.1905906200408936,-0.04654505476355553,0.04137665033340454,0.4689573049545288,-0.04252608120441437,0.14373956620693207,2.8772518634796143,-1.1829396486282349,-0.028716538101434708,0.042500000447034836,0.4899090528488159,-0.046671170741319656,0.1641521155834198,3.88930344581604,-2.19130802154541,-0.05858747661113739,0.0425444021821022
45,1274,24516.06722175,13.703067768970937,8.317727847191344,21.474452851392154,24.895065615402316,73.232609172561,0.468061238527298,-0.04424859583377838,0.15730437636375427,2.8676207065582275,-1.1885846853256226,-0.047727201133966446,0.04137665033340454,0.4689573049545288,-0.04252608120441437,0.14373956620693207,2.8772518634796143,-1.1829396486282349,-0.028716538101434708,0.042500000447034836,0.48928698897361755,-0.049265217036008835,0.14530165493488312,4.013126373291016,-1.7741432189941406,-0.06300462037324905,0.04261910915374756
46,1275,24516.168195763,8.317727847191344,5.889698575196742,18.279324825339497,20.455504510396686,0.497518329749546,0.46851521730422974,-0.04379076883196831,0.1519486904144287,2.8673148155212402,-1.186000943183899,-0.050366152077913284,0.04137665033340454,0.4689573049545288,-0.04252608120441437,0.14373956620693207,2.8772518634796143,-1.1829396486282349,-0.028716538101434708,0.042500000447034836,0.4845898151397705,-0.05187758803367615,0.14222046732902527,2.869598388671875,-1.190630316734314,-0.03512231260538101,0.042781855911016464
47,1276,24516.26811886,5.889698575196742,4.93280953599703,17.53315292088883,18.025186030132673,2.629164879003688,0.46858716011047363,-0.043390389531850815,0.14955373108386993,2.8673593997955322,-1.1842589378356934,-0.05176699906587601,0.04137665033340454,0.4689573049545288,-0.04252608120441437,0.14373956620693207,2.8772518634796143,-1.1829396486282349,-0.028716538101434708,0.042500000447034836,0.48622381687164307,-0.04125240445137024,0.1465066522359848,2.9220168590545654,-1.189848780632019,-0.04515485465526581,0.04255681484937668
48,1277,24516.368563695498,0.4568269920718636,0.8805811678800477,11.565068541447795,11.597144209864991,1.7102707920530598,0.4683924913406372,-0.043254461139440536,0.1485854983329773,2.8677995204925537,-1.1839812994003296,-0.050646428018808365,0.04137665033340454,0.4683484435081482,-0.04319588094949722,0.14813458919525146,2.8682477474212646,-1.1839624643325806,-0.04916675016283989,0.042500000447034836,0.4795851409435272,-0.04083501175045967,0.14675121009349823,2.8525705337524414,-1.154831886291504,-0.061175283044576645,0.04272162914276123
49,1278,24516.468843179,3.817471308472174,3.5888938347593466,26.952889300682557,24.87704712113094,2.0823299280130203,0.46815845370292664,-0.04310322925448418,0.147279754281044,2.868922710418701,-1.1839776039123535,-0.04694034531712532,0.04137665033340454,0.46752092242240906,-0.04246686398983002,0.14357008039951324,2.8682477474212646,-1.1839624643325806,-0.04916675016283989,0.042500000447034836,0.48192137479782104,-0.06267383694648743,0.15409450232982635,2.8690710067749023,-1.2347559928894043,-0.04387249797582626,0.042698539793491364
50,1279,24516.569312086,12.562376529942318,10.747229536490357,20.33420951762377,15.149199345645282,1.9878633092477793,0.4679955244064331,-0.04308463633060455,0.1470734030008316,2.8689098358154297,-1.1839473247528076,-0.04711082950234413,0.04137665033340454,0.46617138385772705,-0.04027312994003296,0.13496632874011993,2.8682477474212646,-1.1839624643325806,-0.04916675016283989,0.042500000447034836,0.4830915033817291,-0.043315913528203964,0.14582593739032745,2.862133026123047,-1.138593316078186,-0.04151983931660652,0.04284427687525749
51,1280,24516.6699080975,14.599332577904985,10.649479518791441,14.450245974834026,8.102746905728955,1.9110683149810286,0.4666750431060791,-0.04282543063163757,0.14539393782615662,2.867917776107788,-1.1828795671463013,-0.05241311341524124,0.04137665033340454,0.46550628542900085,-0.03896041214466095,0.131364107131958,2.8682477474212646,-1.1839624643325806,-0.04916675016283989,0.042500000447034836,0.47401192784309387,-0.04366115480661392,0.1420583426952362,2.8930249214172363,-1.1394644975662231,-0.04319054260849953,0.04279191046953201
52,1281,24516.7708865815,12.496580551493492,7.762941132898465,18.91741049962847,7.709204904206709,1.8313713090133006,0.4656315743923187,-0.041959427297115326,0.14158181846141815,2.867432117462158,-1.1804417371749878,-0.057761866599321365,0.04137665033340454,0.4652648866176605,-0.03847169503569603,0.12958741188049316,2.8682477474212646,-1.1839624643325806,-0.04916675016283989,0.042500000447034836,0.4709934890270233,-0.04363415017724037,0.14686168730258942,2.901681661605835,-1.1654342412948608,-0.06264428049325943,0.04275985062122345
53,1282,24516.8709434435,7.762941132898465,4.773986592864379,13.809632767320311,13.25961674643713,1.748682478788288,0.4652916491031647,-0.041027963161468506,0.1369173526763916,2.867361307144165,-1.1779810190200806,-0.06021786481142044,0.04137665033340454,0.4652648866176605,-0.03847169503569603,0.12958741188049316,2.8682477474212646,-1.1839624643325806,-0.04916675016283989,0.042500000447034836,0.47769537568092346,-0.04347841814160347,0.13292232155799866,2.87251353263855,-1.1394238471984863,-0.05177108943462372,0.04279665648937225
54,1283,24516.971722216,4.773986592864379,3.8725046071607743,15.190574012728558,16.308189165243483,2.364095730572502,0.46515506505966187,-0.040424685925245285,0.13394226133823395,2.8668158054351807,-1.1762094497680664,-0.06355807185173035,0.04137665033340454,0.4652648866176605,-0.03847169503569603,0.12958741188049316,2.8682477474212646,-1.1839624643325806,-0.04916675016283989,0.042500000447034836,0.4795489013195038,-0.042706601321697235,0.12662328779697418,2.830697774887085,-1.1679903268814087,-0.040481649339199066,0.04279397055506706
55,1284,24517.070858386498,6.515149592486637,5.847426625018202,13.465938460753922,13.123487521983021,1.4571090778601268,0.4649336338043213,-0.040024422109127045,0.13311949372291565,2.866546630859375,-1.1752856969833374,-0.06550297141075134,0.04137665033340454,0.4651724696159363,-0.037375256419181824,0.12717205286026,2.8682477474212646,-1.1839624643325806,-0.04916675016283989,0.042500000447034836,0.47784489393234253,-0.03818710893392563,0.13165335357189178,2.84909987449646,-1.1680210828781128,-0.06159278750419617,0.042804054915905
56,1285,24517.173128741502,12.928255983913632,10.365213154554107,16.530634755582806,13.0004191337574,1.0905651132754428,0.46448516845703125,-0.03965554013848305,0.13251249492168427,2.866366147994995,-1.1746020317077637,-0.0671992376446724,0.04137665033340454,0.464185506105423,-0.03541523590683937,0.12030307948589325,2.8682477474212646,-1.1839624643325806,-0.04916675016283989,0.042500000447034836,0.4751770496368408,-0.04528715834021568,0.12771880626678467,2.88020658493042,-1.158450722694397,-0.05786145478487015,0.042781539261341095
57,1286,24517.273033094498,14.756201602874366,9.984806532874746,15.15109138290708,15.05649611070412,1.5457841925345572,0.4638546407222748,-0.03877175599336624,0.130104199051857,2.866527795791626,-1.1735926866531372,-0.06950785964727402,0.04137665033340454,0.46398892998695374,-0.03443435952067375,0.11600049585103989,2.8682477474212646,-1.1839624643325806,-0.04916675016283989,0.042500000447034836,0.47614026069641113,-0.0413813591003418,0.1218004897236824,2.8733997344970703,-1.1499887704849243,-0.07124415785074234,0.04274202883243561
58,1287,24517.372758101,9.984806532874746,5.545824624584132,9.376539508148069,10.520908994469394,3.4735283364978833,0.4636887013912201,-0.03762083500623703,0.12545843422412872,2.8671939373016357,-1.172523856163025,-0.06815852969884872,0.04137665033340454,0.46398892998695374,-0.03443435952067375,0.11600049585103989,2.8682477474212646,-1.1839624643325806,-0.04916675016283989,0.042500000447034836,0.4722946882247925,-0.037115588784217834,0.11942757666110992,2.8302161693573,-1.1329246759414673,-0.07515975087881088,0.042645640671253204
59,1288,24517.4730506105,5.545824624584132,4.151121787254839,9.142019237312226,8.828198481685023,1.6932256179910496,0.4637147784233093,-0.03677115961909294,0.12102248519659042,2.867652654647827,-1.1720727682113647,-0.06613388657569885,0.04137665033340454,0.46398892998695374,-0.03443435952067375,0.11600049585103989,2.8682477474212646,-1.1839624643325806,-0.04916675016283989,0.042500000447034836,0.4712024927139282,-0.03984677046537399,0.117499440908432,2.864717483520508,-1.148350477218628,-0.07019177079200745,0.042781658470630646
60,1289,24517.573602290002,4.151121787254839,3.897962352393133,11.5705512778684,12.980613780062512,2.070214232172248,0.4636532962322235,-0.036260444670915604,0.11971325427293777,2.867499828338623,-1.1719162464141846,-0.06644119322299957,0.04137665033340454,0.46398892998695374,-0.03443435952067375,0.11600049585103989,2.8682477474212646,-1.1839624643325806,-0.04916675016283989,0.042500000447034836,0.4741860330104828,-0.03864353522658348,0.1125105693936348,2.8340606689453125,-1.1751482486724854,-0.06329723447561264,0.04277936369180679
61,1290,24517.6740196815,3.897962352393133,3.525745157442054,9.119508758069161,8.370867486202528,0.8785226961963478,0.46345457434654236,-0.03597922623157501,0.11953913420438766,2.867338180541992,-1.1719094514846802,-0.06696884334087372,0.04137665033340454,0.46398892998695374,-0.03443435952067375,0.11600049585103989,2.8682477474212646,-1.1839624643325806,-0.04916675016283989,0.042500000447034836,0.4558587968349457,-0.03246252238750458,0.11963067948818207,2.8683934211730957,-1.1700915098190308,-0.06762947142124176,0.042756278067827225
62,1291,24517.774060543503,3.525745157442054,3.1715906574969965,4.769880503096192,6.670479470366225,3.4415824798302657,0.46314680576324463,-0.03584987297654152,0.119117870926857,2.867241144180298,-1.171924114227295,-0.06735347211360931,0.04137665033340454,0.46398892998695374,-0.03443435952067375,0.11600049585103989,2.8682477474212646,-1.1839624643325806,-0.04916675016283989,0.042500000447034836,0.4686324894428253,-0.03531717136502266,0.11536037176847458,2.813636302947998,-1.1619679927825928,-0.0691499188542366,0.04288073629140854
63,1292,24517.8756261035,1.08239412817542,1.0471431381141414,11.563170258997332,11.83066240235403,2.019368877650224,0.46297070384025574,-0.035730134695768356,0.11871032416820526,2.8672337532043457,-1.1718803644180298,-0.067447729408741,0.04137665033340454,0.46353721618652344,-0.03480784222483635,0.11870615184307098,2.8682477474212646,-1.1839624643325806,-0.04916675016283989,0.042500000447034836,0.4723832607269287,-0.0375155434012413,0.11176909506320953,2.8553543090820312,-1.144443392753601,-0.06534819304943085,0.04285089671611786
64,1293,24517.976489476998,9.364516128110091,8.689033501914382,17.791950725716674,10.195464419463338,2.650308314534191,0.46299999952316284,-0.03570523113012314,0.11865516006946564,2.867238998413086,-1.1720020771026611,-0.06722573935985565,0.04137665033340454,0.4627673327922821,-0.03516368567943573,0.1280011087656021,2.8682477474212646,-1.1839624643325806,-0.04916675016283989,0.042500000447034836,0.47052839398384094,-0.03836202993988991,0.11231385171413422,2.8490142822265625,-1.1324613094329834,-0.0629957765340805,0.04282208904623985
65,1294,24518.076655065503,11.182840559983704,9.30582037941866,21.20752387993854,13.051117566741073,2.798457721973007,0.4638320505619049,-0.03575938194990158,0.11939815431833267,2.8677892684936523,-1.1723747253417969,-0.06460672616958618,0.04137665033340454,0.46215295791625977,-0.03532629832625389,0.13044573366641998,2.8682477474212646,-1.1839624643325806,-0.04916675016283989,0.042500000447034836,0.47568780183792114,-0.0376734733581543,0.11428844928741455,2.8335163593292236,-1.1460827589035034,-0.05775979533791542,0.0427950881421566
66,1295,24518.177497467,9.30582037941866,7.199207851097281,14.227245623807528,7.877347623027339,2.2299626774208297,0.46451830863952637,-0.03580557182431221,0.12145831435918808,2.86851167678833,-1.172963261604309,-0.0615004263818264,0.04137665033340454,0.46215295791625977,-0.03532629832625389,0.13044573366641998,2.8682477474212646,-1.1839624643325806,-0.04916675016283989,0.042500000447034836,0.4716843068599701,-0.038939472287893295,0.12052036821842194,2.8570716381073,-1.1364597082138062,-0.061384089291095734,0.042602550238370895
67,1296,24518.2768970905,8.534446018148772,6.837934432412564,24.73247848519713,18.773728175440684,2.479832664699154,0.4644712507724762,-0.03579721972346306,0.12364629656076431,2.8689470291137695,-1.1734368801116943,-0.059976305812597275,0.04137665033340454,0.4596739411354065,-0.033947765827178955,0.13045820593833923,2.8682477474212646,-1.1839624643325806,-0.04916675016283989,0.042500000447034836,0.48323407769203186,-0.03547905758023262,0.12309134751558304,2.838512897491455,-1.1484678983688354,-0.05105789005756378,0.04278959333896637
68,1297,24518.377488126498,7.089100925751706,6.214723836709344,5.386449324037494,7.431021711013373,1.9993351059421314,0.4637767970561981,-0.03573797643184662,0.1252891570329666,2.8686110973358154,-1.1734739542007446,-0.061767056584358215,0.04137665033340454,0.45911043882369995,-0.0335700698196888,0.130165696144104,2.8682477474212646,-1.1839624643325806,-0.04916675016283989,0.042500000447034836,0.4596308767795563,-0.0389157198369503,0.13057436048984528,2.850428819656372,-1.15707266330719,-0.07961045950651169,0.042853549122810364
69,1298,24518.4770520765,5.7491103479689825,4.962091048131519,11.870480986414634,6.599915527725168,1.8383146016236014,0.46321797370910645,-0.03568454086780548,0.1260087788105011,2.8682124614715576,-1.173348307609558,-0.06369052827358246,0.04137665033340454,0.4582674503326416,-0.03313415125012398,0.12743709981441498,2.8682477474212646,-1.1839624643325806,-0.04916675016283989,0.042500000447034836,0.46664541959762573,-0.039140764623880386,0.12155164778232574,2.8448526859283447,-1.1618030071258545,-0.06282639503479004,0.04227747395634651
70,1299,24518.5775347765,4.708804182267716,3.564517801746087,8.974671178080204,7.310868824153841,11.733548341591767,0.46239975094795227,-0.035495270043611526,0.1260329782962799,2.86775279045105,-1.1727124452590942,-0.06646548956632614,0.04137665033340454,0.45860764384269714,-0.03336527943611145,0.1242285668849945,2.8682477474212646,-1.1839624643325806,-0.04916675016283989,0.042500000447034836,0.4662221670150757,-0.029297012835741043,0.12668070197105408,2.886528730392456,-1.4625368118286133,-0.07205972820520401,0.04266369715332985
71,1300,24518.677544247497,3.564517801746087,2.77452286339174,16.934326127523953,13.840257788726582,2.893866544352265,0.46147483587265015,-0.03517230227589607,0.12533295154571533,2.86746883392334,-1.1716938018798828,-0.06908746063709259,0.04137665033340454,0.45860764384269714,-0.03336527943611145,0.1242285668849945,2.8682477474212646,-1.1839624643325806,-0.04916675016283989,0.042500000447034836,0.4750555455684662,-0.03737493231892586,0.12382780015468597,2.8447959423065186,-1.13038170337677,-0.06551125645637512,0.04278756305575371
72,1301,24518.7780753295,2.77452286339174,2.390894249579571,8.560596531966606,6.4773192971264795,1.4097773700316476,0.46080318093299866,-0.03495492413640022,0.12482070177793503,2.8670403957366943,-1.171520709991455,-0.07092466950416565,0.04137665033340454,0.45860764384269714,-0.03336527943611145,0.1242285668849945,2.8682477474212646,-1.1839624643325806,-0.04916675016283989,0.042500000447034836,0.4670425057411194,-0.033446911722421646,0.1256881058216095,2.8546273708343506,-1.1637146472930908,-0.06644310057163239,0.042723268270492554
73,1302,24518.8784513135,0.0,0.20466350143325474,13.637998605357279,13.637998605357279,2.79516703882559,0.4604480564594269,-0.0348593033850193,0.12454025447368622,2.8667869567871094,-1.1715047359466553,-0.07187753170728683,0.04137665033340454,0.4604480564594269,-0.0348593033850193,0.12454025447368622,2.8667869567871094,-1.1715047359466553,-0.07187753170728683,0.042500000447034836,0.4734892249107361,-0.038083989173173904,0.12218986451625824,2.9106459617614746,-1.1143896579742432,-0.06819594651460648,0.04285929724574089
74,1303,24518.978712835,1.0034599837265685,0.9913834744312812,8.68337025502797,9.189042703117327,2.2754832684599515,0.4602939784526825,-0.034818634390830994,0.12441182881593704,2.8666703701019287,-1.1714961528778076,-0.07231114059686661,0.04137665033340454,0.4610874652862549,-0.03435035049915314,0.12480934709310532,2.8667869567871094,-1.1715047359466553,-0.07187753170728683,0.042500000447034836,0.46896862983703613,-0.037194084376096725,0.12252870202064514,2.8394615650177,-1.1391198635101318,-0.06850533187389374,0.04281968995928764
75,1304,24519.0793574645,3.249794083536696,3.0429217327794564,10.212030154731089,11.246497393243436,1.0641419278762265,0.4603073000907898,-0.03481833636760712,0.12441542744636536,2.8666799068450928,-1.1714980602264404,-0.07227979600429535,0.04137665033340454,0.4613386392593384,-0.0334831140935421,0.12163789570331573,2.8667869567871094,-1.1715047359466553,-0.07187753170728683,0.042500000447034836,0.4692038595676422,-0.03963736444711685,0.11950504034757614,2.8633439540863037,-1.1476449966430664,-0.06602919846773148,0.04281143844127655
76,1305,24519.179872115,4.962929944293729,4.05449684929585,11.338719795168162,14.364549783562357,3.0389648180055255,0.4602387845516205,-0.034775469452142715,0.1241636648774147,2.866579294204712,-1.1712870597839355,-0.07284825295209885,0.04137665033340454,0.46115508675575256,-0.032668016850948334,0.11976483464241028,2.8667869567871094,-1.1715047359466553,-0.07187753170728683,0.042500000447034836,0.4700776934623718,-0.0363532193005085,0.11381731927394867,2.828831434249878,-1.130507230758667,-0.06656256318092346,0.04283174127340317
77,1306,24519.280007941503,4.05449684929585,2.961124824653523,27.169732405951535,24.15913701061039,0.9378978500591828,0.46005383133888245,-0.034433845430612564,0.12324449419975281,2.866503953933716,-1.169938087463379,-0.07465855032205582,0.04137665033340454,0.46115508675575256,-0.032668016850948334,0.11976483464241028,2.8667869567871094,-1.1715047359466553,-0.07187753170728683,0.042500000447034836,0.4399678111076355,-0.03455580025911331,0.1366683840751648,2.8697636127471924,-1.1599901914596558,-0.09424180537462234,0.04199888929724693
78,1307,24519.3802504815,3.7410863863195254,3.043113516642025,8.401005524440874,10.555559243726124,2.075681653039339,0.4600011706352234,-0.034072380512952805,0.12210246175527573,2.8665573596954346,-1.1684954166412354,-0.07604611665010452,0.04137665033340454,0.4613175094127655,-0.03250265121459961,0.11897213757038116,2.8667869567871094,-1.1715047359466553,-0.07187753170728683,0.042500000447034836,0.4696763753890991,-0.03176552429795265,0.1185685321688652,2.859330415725708,-1.1242121458053589,-0.07474131137132645,0.04278384521603584
79,1308,24519.4805400535,3.043113516642025,2.530744537453504,5.927934032777617,6.37134816741511,1.4382987208487925,0.45999255776405334,-0.03388005867600441,0.12134021520614624,2.8665573596954346,-1.167709469795227,-0.07686390727758408,0.04137665033340454,0.4613175094127655,-0.03250265121459961,0.11897213757038116,2.8667869567871094,-1.1715047359466553,-0.07187753170728683,0.042500000447034836,0.4656132757663727,-0.03648989275097847,0.1198602244257927,2.862950325012207,-1.137892484664917,-0.07230980694293976,0.042856428772211075
80,1309,24519.580563752002,2.530744537453504,2.2309474111697014,7.756816759133774,9.243080547641425,2.8360418418394326,0.45998331904411316,-0.033713676035404205,0.12074922025203705,2.866554021835327,-1.1670112609863281,-0.07760965824127197,0.04137665033340454,0.4613175094127655,-0.03250265121459961,0.11897213757038116,2.8667869567871094,-1.1715047359466553,-0.07187753170728683,0.042500000447034836,0.46549713611602783,-0.03668602555990219,0.11395234614610672,2.83542799949646,-1.1274278163909912,-0.07965127378702164,0.04277832433581352
81,1310,24519.681238912002,4.422261824975714,4.168582488178126,11.328728481524179,13.05661055764669,1.7032970330180128,0.4600011706352234,-0.033583302050828934,0.1204131692647934,2.8666374683380127,-1.1665247678756714,-0.07787849009037018,0.04137665033340454,0.4613763988018036,-0.03257991373538971,0.11633170396089554,2.8667869567871094,-1.1715047359466553,-0.07187753170728683,0.042500000447034836,0.47214215993881226,-0.03610673174262047,0.11632614582777023,2.8515617847442627,-1.1405802965164185,-0.07489828765392303,0.04283399134874344
82,1311,24519.781781642,4.168582488178126,3.4473826506509613,10.503164008117453,12.764280834829474,2.522734142238119,0.4599387049674988,-0.03353889286518097,0.1201251819729805,2.866539716720581,-1.1663020849227905,-0.07843862473964691,0.04137665033340454,0.4613763988018036,-0.03257991373538971,0.11633170396089554,2.8667869567871094,-1.1715047359466553,-0.07187753170728683,0.042500000447034836,0.47117704153060913,-0.0359148234128952,0.11455906927585602,2.848736047744751,-1.1214438676834106,-0.06580493599176407,0.04280119389295578
83,1312,24519.881994604,3.4473826506509613,2.7410976268934677,13.175166900478771,12.35012147338627,3.821407791570215,0.4599279463291168,-0.03353183716535568,0.11931168287992477,2.8663339614868164,-1.1660925149917603,-0.07920380681753159,0.04137665033340454,0.4613763988018036,-0.03257991373538971,0.11633170396089554,2.8667869567871094,-1.1715047359466553,-0.07187753170728683,0.042500000447034836,0.46960872411727905,-0.03995195031166077,0.12350574880838394,2.9349400997161865,-1.1109973192214966,-0.0791444331407547,0.042849138379096985
84,1313,24519.982812906,2.7410976268934677,2.5647907074493284,4.0715028830089945,5.5479215823066435,1.2083002897506046,0.4600227475166321,-0.033529751002788544,0.11851780861616135,2.8662774562835693,-1.165932297706604,-0.07938572764396667,0.04137665033340454,0.4613763988018036,-0.03257991373538971,0.11633170396089554,2.8667869567871094,-1.1715047359466553,-0.07187753170728683,0.042500000447034836,0.46203017234802246,-0.03573097661137581,0.11383760720491409,2.8459420204162598,-1.1671409606933594,-0.07193569839000702,0.042861562222242355
85,1314,24520.082941733002,3.3903804915180804,3.2656982865822233,10.298191986594246,7.261146994864923,2.715595582120191,0.46006879210472107,-0.033527206629514694,0.11832442879676819,2.866285562515259,-1.1658955812454224,-0.07934704422950745,0.04137665033340454,0.46182990074157715,-0.032809119671583176,0.11551773548126221,2.8667869567871094,-1.1715047359466553,-0.07187753170728683,0.042500000447034836,0.45368874073028564,-0.03525017574429512,0.12133284658193588,2.9119040966033936,-1.122195839881897,-0.08395460247993469,0.04280837997794151
86,1315,24520.182971770497,3.2656982865822233,2.9881617487092607,8.407878813500309,9.311745059176898,2.467067862649116,0.46010100841522217,-0.03353038802742958,0.11819270998239517,2.8662898540496826,-1.1658960580825806,-0.07928953319787979,0.04137665033340454,0.46182990074157715,-0.032809119671583176,0.11551773548126221,2.8667869567871094,-1.1715047359466553,-0.07187753170728683,0.042500000447034836,0.4561542868614197,-0.03575034439563751,0.11005613952875137,2.8294050693511963,-1.1496182680130005,-0.07479457557201385,0.04281562566757202
87,1316,24520.283210483998,2.9881617487092607,2.7173542867205587,8.323422539207272,10.264761576229432,1.5711404999130871,0.46014276146888733,-0.033536747097969055,0.11787426471710205,2.866258382797241,-1.165856122970581,-0.07935801148414612,0.04137665033340454,0.46182990074157715,-0.032809119671583176,0.11551773548126221,2.8667869567871094,-1.1715047359466553,-0.07187753170728683,0.042500000447034836,0.46869248151779175,-0.03700299188494682,0.11337395757436752,2.858534812927246,-1.1377716064453125,-0.07691923528909683,0.04289847984910011
88,1317,24520.3834000745,2.7173542867205587,2.5718374485806508,8.244611595456933,10.114369841481103,2.6836310733430095,0.46019747853279114,-0.03353945165872574,0.11756366491317749,2.8662538528442383,-1.1658029556274414,-0.07935329526662827,0.04137665033340454,0.46182990074157715,-0.032809119671583176,0.11551773548126221,2.8667869567871094,-1.1715047359466553,-0.07187753170728683,0.042500000447034836,0.46960577368736267,-0.035247430205345154,0.11426711082458496,2.916316509246826,-1.1413533687591553,-0.0555131770670414,0.042814742773771286
89,1318,24520.4839694615,2.5718374485806508,2.5000367400295875,10.596852402063627,12.260707850476688,1.0043181166577708,0.4602492153644562,-0.03354410454630852,0.11740865558385849,2.866274833679199,-1.1657990217208862,-0.0792369693517685,0.04137665033340454,0.46182990074157715,-0.032809119671583176,0.11551773548126221,2.8667869567871094,-1.1715047359466553,-0.07187753170728683,0.041770465672016144,0.47066888213157654,-0.03788822516798973,0.11262492090463638,2.8750996589660645,-1.1457798480987549,-0.07294313609600067,0.04287923127412796
90,1319,24520.584192971,2.5000367400295875,2.4569381377556248,10.3091165323092,11.320465819961846,2.23079452976218,0.46028509736061096,-0.033539123833179474,0.11734279990196228,2.866304397583008,-1.1657658815383911,-0.07914930582046509,0.04156387597322464,0.46182990074157715,-0.032809119671583176,0.11551773548126221,2.8667869567871094,-1.1715047359466553,-0.07187753170728683,0.04068877920508385,0.47082310914993286,-0.03765224292874336,0.11691209673881531,2.8904426097869873,-1.1160567998886108,-0.07351014763116837,0.042863212525844574
91,1320,24520.6841652625,2.4569381377556248,2.4146055525875916,9.503394649441576,11.285874568004381,1.8872352879732008,0.4602917730808258,-0.0335485115647316,0.11728522181510925,2.8662989139556885,-1.1657947301864624,-0.07911714166402817,0.04156387597322464,0.46182990074157715,-0.032809119671583176,0.11551773548126221,2.8667869567871094,-1.1715047359466553,-0.07187753170728683,0.03868919238448143,0.4704737067222595,-0.035847075283527374,0.11299385875463486,2.8507235050201416,-1.1364028453826904,-0.07575004547834396,0.04279273748397827
92,1321,24520.7843396055,2.4146055525875916,2.3909440166006446,9.075370818002735,11.194087056650723,1.5924644137546164,0.4603201448917389,-0.033547546714544296,0.1172514259815216,2.8663148880004883,-1.1658098697662354,-0.07904169708490372,0.04212554916739464,0.46182990074157715,-0.032809119671583176,0.11551773548126221,2.8667869567871094,-1.1715047359466553,-0.07187753170728683,0.03868919238448143,0.4648760259151459,-0.03383282199501991,0.10703036189079285,2.8915786743164062,-1.1407198905944824,-0.08202469348907471,0.04282621666789055
93,1322,24520.884693366,2.3909440166006446,2.3702359470853644,11.174394956105681,12.32037568007852,2.1705209802425234,0.46032384037971497,-0.033550556749105453,0.11722028255462646,2.8663082122802734,-1.1658257246017456,-0.07904548197984695,0.03950440511107445,0.46182990074157715,-0.032809119671583176,0.11551773548126221,2.8667869567871094,-1.1715047359466553,-0.07187753170728683,0.03868919238448143,0.4718785881996155,-0.0376664362847805,0.11606313288211823,2.8396942615509033,-1.1419529914855957,-0.07361935824155807,0.04289432615041733
94,1323,24520.984769527502,2.3702359470853644,2.3624202971242982,8.484582528049682,10.072713312435454,1.6489848491733796,0.4603263735771179,-0.033540278673172,0.11719786375761032,2.8663253784179688,-1.165783405303955,-0.07903532683849335,0.03950440511107445,0.46182990074157715,-0.032809119671583176,0.11551773548126221,2.8667869567871094,-1.1715047359466553,-0.07187753170728683,0.03868919238448143,0.4696112871170044,-0.035858675837516785,0.11405541747808456,2.86179780960083,-1.1334642171859741,-0.07621508091688156,0.04284152761101723
95,1324,24521.0853240785,2.3624202971242982,2.347255842510144,14.011481683322389,12.91020161209312,1.3568465092796826,0.4603424668312073,-0.03354738652706146,0.11719807237386703,2.8663392066955566,-1.1657849550247192,-0.07897622883319855,0.03950440511107445,0.46182990074157715,-0.032809119671583176,0.11551773548126221,2.8667869567871094,-1.1715047359466553,-0.07187753170728683,0.037645451724529266,0.4480808675289154,-0.03016136772930622,0.11499322205781937,2.843273401260376,-1.1669667959213257,-0.07387718558311462,0.041725996881723404
96,1325,24521.185562366503,2.347255842510144,2.3424261536955147,6.378585424765857,7.21999145345185,3.1918885559802033,0.46035730838775635,-0.03354606032371521,0.11719045788049698,2.8663406372070312,-1.165813684463501,-0.07893478870391846,0.039878856390714645,0.46182990074157715,-0.032809119671583176,0.11551773548126221,2.8667869567871094,-1.1715047359466553,-0.07187753170728683,0.03547307476401329,0.4671471118927002,-0.035995226353406906,0.117021843791008,2.8251094818115234,-1.1310830116271973,-0.07850390672683716,0.04017903283238411
97,1326,24521.286000391498,2.3424261536955147,2.3362369558955636,8.656681903090407,6.986692101580915,1.6447262775633722,0.46035298705101013,-0.03354421630501747,0.11718066036701202,2.8663489818573,-1.1657850742340088,-0.07894089818000793,0.03819383308291435,0.46182990074157715,-0.032809119671583176,0.11551773548126221,2.8667869567871094,-1.1715047359466553,-0.07187753170728683,0.0350375734269619,0.46147191524505615,-0.03432980924844742,0.12403228133916855,2.8856966495513916,-1.1313743591308594,-0.07053033262491226,0.03388918191194534
98,1327,24521.386405901,2.3362369558955636,2.330286205281,7.20542045506728,8.497900483086656,2.1072359531625207,0.46034568548202515,-0.03353801369667053,0.1171681359410286,2.866344690322876,-1.1658016443252563,-0.07897079735994339,0.03819383308291435,0.46182990074157715,-0.032809119671583176,0.11551773548126221,2.8667869567871094,-1.1715047359466553,-0.07187753170728683,0.0350375734269619,0.46868064999580383,-0.034917689859867096,0.11625207215547562,2.9030725955963135,-1.134403944015503,-0.07476361840963364,0.03452777490019798
99,1328,24521.4862825285,2.330286205281,2.3267866807568898,5.3310056843436335,4.478241629629685,2.786176818581733,0.46036070585250854,-0.03354328125715256,0.11717082560062408,2.8663530349731445,-1.1658059358596802,-0.07892785966396332,0.03538546338677406,0.46182990074157715,-0.032809119671583176,0.11551773548126221,2.8667869567871094,-1.1715047359466553,-0.07187753170728683,0.0350375734269619,0.45652222633361816,-0.03262566030025482,0.11505453288555145,2.919806480407715,-1.1502182483673096,-0.07750751823186874,0.03382769227027893
100,1329,24521.5866686835,2.3267866807568898,2.3206426642928824,10.313423274733527,8.57737749619347,0.955378102746193,0.46034911274909973,-0.03354514762759209,0.11715464293956757,2.86633563041687,-1.1658294200897217,-0.07896831631660461,0.03538546338677406,0.46182990074157715,-0.032809119671583176,0.11551773548126221,2.8667869567871094,-1.1715047359466553,-0.07187753170728683,0.0350375734269619,0.45542478561401367,-0.029488706961274147,0.12288767844438553,2.883661985397339,-1.1731626987457275,-0.07460226118564606,0.03321949020028114
101,1330,24521.6868743545,2.3206426642928824,2.313942629458253,9.071389617898515,7.619228680645974,1.6565772210209757,0.46035563945770264,-0.03354373574256897,0.11715244501829147,2.866344690322876,-1.1658140420913696,-0.07894761115312576,0.03538546338677406,0.46182990074157715,-0.032809119671583176,0.11551773548126221,2.8667869567871094,-1.1715047359466553,-0.07187753170728683,0.03320895507931709,0.46200495958328247,-0.033154815435409546,0.12458084523677826,2.8892900943756104,-1.1872742176055908,-0.08669793605804443,0.03332749009132385
102,1331,24521.787589386,2.313942629458253,2.3101343972722415,3.597268705569439,1.4341898680048828,0.62263546214955,0.4603815972805023,-0.03354543820023537,0.11716533452272415,2.8663666248321533,-1.1658228635787964,-0.0788528323173523,0.03538546338677406,0.46182990074157715,-0.032809119671583176,0.11551773548126221,2.8667869567871094,-1.1715047359466553,-0.07187753170728683,0.032097864896059036,0.4599364399909973,-0.03465653210878372,0.11795540153980255,2.8759968280792236,-1.1773097515106201,-0.06948915868997574,0.03337687626481056
103,1332,24521.8874836405,2.3101343972722415,2.492926029937802,8.22230187463218,8.016588866022182,5.345958766457783,0.4604476988315582,-0.033548131585121155,0.11721482127904892,2.866414785385132,-1.1658241748809814,-0.07865963876247406,0.03538546338677406,0.46182990074157715,-0.032809119671583176,0.11551773548126221,2.8667869567871094,-1.1715047359466553,-0.07187753170728683,0.03123173676431179,0.46700042486190796,-0.03387463465332985,0.12182143330574036,2.918337821960449,-1.2640470266342163,-0.07651441544294357,0.03408510982990265
104,1333,24521.987984129497,2.492926029937802,2.5076307166948792,19.939428557272684,19.189209143750066,3.1409190815156527,0.4610523283481598,-0.03360458090901375,0.11774872243404388,2.866778612136841,-1.1661148071289062,-0.07689495384693146,0.03370044007897377,0.46182990074157715,-0.032809119671583176,0.11551773548126221,2.8667869567871094,-1.1715047359466553,-0.07187753170728683,0.03123173676431179,0.4419366419315338,-0.03402247279882431,0.11612340807914734,2.8540596961975098,-1.2522376775741577,-0.076224185526371,0.033148687332868576
105,1334,24522.0882572925,2.5076307166948792,2.507106919544485,13.726728414797906,13.35836576973175,3.8634057911329496,0.46109774708747864,-0.033593934029340744,0.1177840605378151,2.8668105602264404,-1.1660702228546143,-0.07682301849126816,0.03370044007897377,0.46182990074157715,-0.032809119671583176,0.11551773548126221,2.8667869567871094,-1.1715047359466553,-0.07187753170728683,0.03123173676431179,0.46974146366119385,-0.043778520077466965,0.1178634762763977,2.936030149459839,-1.1764836311340332,-0.06865351647138596,0.032677680253982544
106,1335,24522.1884175195,2.507106919544485,2.510563780980777,6.491087534610265,8.298407799153166,2.0898950403325127,0.46110227704048157,-0.03359074145555496,0.11778604239225388,2.866818904876709,-1.1660550832748413,-0.0768137127161026,0.03370044007897377,0.46182990074157715,-0.032809119671583176,0.11551773548126221,2.8667869567871094,-1.1715047359466553,-0.07187753170728683,0.03123173676431179,0.46744099259376526,-0.03389040753245354,0.11243866384029388,2.906038999557495,-1.1651136875152588,-0.06976736336946487,0.03269868344068527
107,1336,24522.288768079998,2.510563780980777,2.8993410409241616,25.176377571829576,24.10682961732961,3.957392145358988,0.46111196279525757,-0.03359260410070419,0.11779230087995529,2.866818428039551,-1.1660703420639038,-0.07678702473640442,0.03370044007897377,0.46182990074157715,-0.032809119671583176,0.11551773548126221,2.8667869567871094,-1.1715047359466553,-0.07187753170728683,0.03115815296769142,0.4794289469718933,-0.034585390239953995,0.13343332707881927,2.926574468612671,-1.1984076499938965,-0.036056965589523315,0.03316660597920418
108,1337,24522.388789883,2.8993410409241616,2.925391564039525,11.748312308307748,10.847901810948459,5.705848495152632,0.4613323211669922,-0.03360791131854057,0.11826009303331375,2.8669216632843018,-1.1661518812179565,-0.07630008459091187,0.03164096921682358,0.46182990074157715,-0.032809119671583176,0.11551773548126221,2.8667869567871094,-1.1715047359466553,-0.07187753170728683,0.029189882799983025,0.47136807441711426,-0.036114439368247986,0.12152780592441559,2.9612772464752197,-1.203286051750183,-0.0734042376279831,0.030656855553388596
109,1338,24522.490897935,2.925391564039525,3.2490150288235813,6.456506755113848,7.161014522485554,4.31148192683503,0.461348295211792,-0.03360572084784508,0.11829107254743576,2.866943359375,-1.1661432981491089,-0.07623875141143799,0.03164096921682358,0.46182990074157715,-0.032809119671583176,0.11551773548126221,2.8667869567871094,-1.1715047359466553,-0.07187753170728683,0.029189882799983025,0.46820467710494995,-0.03354932740330696,0.11622540652751923,2.946828603744507,-1.164163589477539,-0.07171648740768433,0.03132489696145058
110,1339,24522.591495697,3.2490150288235813,3.341115573550665,9.191732306443857,6.44139093211191,6.562903927721289,0.4614826738834381,-0.03361571207642555,0.11864582449197769,2.8670194149017334,-1.166225790977478,-0.07587272673845291,0.03107929602265358,0.46182990074157715,-0.032809119671583176,0.11551773548126221,2.8667869567871094,-1.1715047359466553,-0.07187753170728683,0.029189882799983025,0.45773789286613464,-0.03237009793519974,0.1237366572022438,2.9387662410736084,-1.2743643522262573,-0.07777231931686401,0.029587525874376297
111,1340,24522.691408425002,3.341115573550665,3.335847298620743,14.138913625509858,14.40779434443232,2.5045358730433525,0.46146446466445923,-0.03362096846103668,0.11873804777860641,2.8670103549957275,-1.1662548780441284,-0.07589659094810486,0.03107929602265358,0.46182990074157715,-0.032809119671583176,0.11551773548126221,2.8667869567871094,-1.1715047359466553,-0.07187753170728683,0.029189882799983025,0.45079532265663147,-0.02409486286342144,0.1170039027929306,2.9110026359558105,-1.1762597560882568,-0.07786594331264496,0.03037610836327076
112,1341,24522.79167293,0.001910347607644525,0.08508539008311324,20.6691170123311,20.66730993628102,1.4780684466247715,0.4614552855491638,-0.033610500395298004,0.11873415112495422,2.8670148849487305,-1.1662096977233887,-0.0759391188621521,0.03107929602265358,0.46145474910736084,-0.033610451966524124,0.11873231828212738,2.8670175075531006,-1.1662123203277588,-0.07593011856079102,0.029189882799983025,0.47238633036613464,-0.03763985633850098,0.13580501079559326,2.893096685409546,-1.1689192056655884,-0.07025612890720367,0.030499141663312912
113,1342,24522.8926281885,7.371545214795825,6.747978083136448,17.55617841373909,18.15478381564176,3.3285671865476028,0.46149909496307373,-0.0336160734295845,0.11880471557378769,2.867053270339966,-1.1662490367889404,-0.07576408982276917,0.03107929602265358,0.46246692538261414,-0.03514407202601433,0.1259509176015854,2.8670175075531006,-1.1662123203277588,-0.07593011856079102,0.029189882799983025,0.47588613629341125,-0.04464453458786011,0.11979580670595169,2.8840432167053223,-1.2338334321975708,-0.04569244384765625,0.0309461560100317
114,1343,24522.992672777502,22.682551330977144,19.931252744775858,34.65245954675254,24.24213385162569,3.4878871018686652,0.461923748254776,-0.03369500860571861,0.11938278377056122,2.8674099445343018,-1.1666651964187622,-0.07398557662963867,0.03107929602265358,0.46480032801628113,-0.03792393580079079,0.1414811909198761,2.8670175075531006,-1.1662123203277588,-0.07593011856079102,0.029189882799983025,0.48198893666267395,-0.04531903564929962,0.11231516301631927,2.8616440296173096,-1.2485476732254028,-0.041811540722846985,0.03174321725964546
115,1344,24523.0925822315,34.17772159284605,25.88628865785193,29.88175133769298,6.798226012559903,3.135532462219543,0.46378830075263977,-0.03453563526272774,0.1218661442399025,2.867511749267578,-1.1693964004516602,-0.06946277618408203,0.03107929602265358,0.46730539202690125,-0.040254753082990646,0.15537790954113007,2.8670175075531006,-1.1662123203277588,-0.07593011856079102,0.029189882799983025,0.469144344329834,-0.0355706512928009,0.12592291831970215,2.9251255989074707,-1.1600953340530396,-0.06668903678655624,0.031018486246466637
116,1345,24523.192834462498,37.05923656638844,25.46324975030217,28.969949292555604,14.92015089425637,8.547596892714774,0.46616795659065247,-0.0361131876707077,0.12985040247440338,2.8659234046936035,-1.1727498769760132,-0.07021376490592957,0.03107929602265358,0.46961161494255066,-0.04228071868419647,0.1662302017211914,2.8670175075531006,-1.1662123203277588,-0.07593011856079102,0.029189882799983025,0.47794923186302185,-0.0377010740339756,0.13886655867099762,3.0228757858276367,-1.1653982400894165,-0.06549140810966492,0.030993396416306496
117,1346,24523.294560100498,28.372562937846546,16.20000253348,25.727271557432683,6.192277440213375,2.2167028037723084,0.46805569529533386,-0.03780470788478851,0.14121177792549133,2.864298105239868,-1.1753861904144287,-0.07315541058778763,0.03107929602265358,0.4700973927974701,-0.04258223623037338,0.16910459101200104,2.8670175075531006,-1.1662123203277588,-0.07593011856079102,0.029189882799983025,0.4734554886817932,-0.03717634081840515,0.14417685568332672,2.885833263397217,-1.2064244747161865,-0.06335332244634628,0.031226089224219322
118,1347,24523.393696638,16.20000253348,9.28949422760447,34.49469225303326,27.232094155817805,2.688285072901354,0.46915382146835327,-0.03926985710859299,0.15327493846416473,2.863560199737549,-1.1770035028457642,-0.075550377368927,0.03107929602265358,0.4700973927974701,-0.04258223623037338,0.16910459101200104,2.8670175075531006,-1.1662123203277588,-0.07593011856079102,0.029189882799983025,0.4754246771335602,-0.012778880074620247,0.15257389843463898,2.9183526039123535,-1.1450676918029785,-0.07539881765842438,0.03144248574972153
119,1348,24523.4939899415,9.28949422760447,7.447065251325384,56.18987990595323,52.10670555010076,1.3388516495110605,0.4691255986690521,-0.04000233858823776,0.16023360192775726,2.863508701324463,-1.1782653331756592,-0.07585003972053528,0.03107929602265358,0.4700973927974701,-0.04258223623037338,0.16910459101200104,2.8670175075531006,-1.1662123203277588,-0.07593011856079102,0.029189882799983025,0.4632069170475006,0.011578932404518127,0.15582333505153656,2.887585401535034,-1.16227126121521,-0.0962628573179245,0.03138093277812004
120,1349,24523.594169607997,7.447065251325384,6.469355418676948,24.592208674534135,23.709065973171693,14.963372922097347,0.4696747958660126,-0.04035891592502594,0.16200973093509674,2.8639731407165527,-1.1789239645004272,-0.07366210967302322,0.03107929602265358,0.4700973927974701,-0.04258223623037338,0.16910459101200104,2.8670175075531006,-1.1662123203277588,-0.07593011856079102,0.029189882799983025,0.47137734293937683,-0.01803339645266533,0.16980667412281036,2.9966418743133545,-1.4411685466766357,-0.07505388557910919,0.03003118373453617
121,1350,24523.6943478755,6.469355418676948,5.430232471165682,54.99191582360384,52.95394717820024,3.143989341556632,0.4703385531902313,-0.040680911391973495,0.16292564570903778,2.863922357559204,-1.179467797279358,-0.07291937619447708,0.03107929602265358,0.4700973927974701,-0.04258223623037338,0.16910459101200104,2.8670175075531006,-1.1662123203277588,-0.07593011856079102,0.029189882799983025,0.48173531889915466,0.010996006429195404,0.16485707461833954,2.9255223274230957,-1.1594949960708618,-0.06963573396205902,0.031736426055431366
122,1351,24523.7956586135,0.32329492876649973,0.6059903194201235,36.48157015801029,36.53986397929296,1.9386900457527447,0.4706936478614807,-0.04089071974158287,0.16397909820079803,2.863393783569336,-1.1795543432235718,-0.07445849478244781,0.03107929602265358,0.4706166982650757,-0.04083753749728203,0.1636696308851242,2.8635778427124023,-1.179545283317566,-0.07388662546873093,0.029189882799983025,0.4651886224746704,-0.004771806299686432,0.1645086705684662,2.830158233642578,-1.2064273357391357,-0.09236505627632141,0.030721738934516907
123,1352,24523.89560027,4.876208657417504,3.869264304540061,9.3484738928671,5.935138023933791,11.962502487685166,0.4706830382347107,-0.04093290865421295,0.16426438093185425,2.863072156906128,-1.1795152425765991,-0.07557520270347595,0.03107929602265358,0.4693264067173004,-0.03627663850784302,0.1647704541683197,2.8635778427124023,-1.179545283317566,-0.07388662546873093,0.029189882799983025,0.47646060585975647,-0.04228843376040459,0.16417422890663147,3.028007984161377,-1.3169032335281372,-0.08179046213626862,0.03151261806488037
124,1353,24523.995033285,25.176638967990204,17.89922632616896,57.27668681969747,82.00517753071524,2.207525627831837,0.47033223509788513,-0.039935749024152756,0.16401518881320953,2.8636324405670166,-1.1765989065170288,-0.07728347182273865,0.03107929602265358,0.46425238251686096,-0.015809420496225357,0.16786471009254456,2.8569350242614746,-1.2019798755645752,-0.07677268236875534,0.029189882799983025,0.4603329002857208,0.041328269988298416,0.16860012710094452,2.8990442752838135,-1.190577745437622,-0.07364965230226517,0.030303997918963432
125,1354,24524.095310989498,43.62032317706636,29.34367223237146,25.203253623635945,63.766032848977126,14.43423451062453,0.46941691637039185,-0.03239443153142929,0.16354645788669586,2.8660550117492676,-1.1775490045547485,-0.08623205125331879,0.03107929602265358,0.45932140946388245,0.009301941841840744,0.17143478989601135,2.8482909202575684,-1.2356592416763306,-0.0781608447432518,0.029189882799983025,0.4712913930416107,0.03119596652686596,0.16788864135742188,3.1223325729370117,-1.179303526878357,-0.07963865250349045,0.030950186774134636
126,1355,24524.1954091845,55.42032503866856,44.1631429044315,31.047671371947118,29.051546304822008,4.5983120991195285,0.4677773118019104,-0.017789654433727264,0.16397863626480103,2.8643665313720703,-1.1879390478134155,-0.09922275692224503,0.03107929602265358,0.4553332030773163,0.0348263680934906,0.17614871263504028,2.8413219451904297,-1.2627239227294922,-0.08079064637422562,0.029189882799983025,0.47252121567726135,0.010737157426774502,0.1667550951242447,2.900317430496216,-1.1534358263015747,-0.08340240269899368,0.0306854248046875
127,1356,24524.262572095,60.77021909214701,42.48116119670878,58.65420226171565,14.875927633306768,15.563304793409884,0.46586963534355164,-0.006842058151960373,0.16599445044994354,2.85813307762146,-1.1975104808807373,-0.10605038702487946,0.03107929602265358,0.4539624750614166,0.05101142078638077,0.1802847981452942,2.840193748474121,-1.267456293106079,-0.08183319121599197,0.029189882799983025,0.47917941212654114,-0.0003231326409149915,0.16727767884731293,3.121889591217041,-1.2787199020385742,-0.11059548705816269,0.031870532780885696
128,1357,24524.362747121,53.27682973544287,34.53263593777619,49.58666626212878,13.57008363849568,1.0235477311796166,0.4626272916793823,0.010508543811738491,0.17084620893001556,2.8506019115448,-1.2132688760757446,-0.11044090241193771,0.03107929602265358,0.45323342084884644,0.06100546568632126,0.18499670922756195,2.840193748474121,-1.267456293106079,-0.08183319121599197,0.029189882799983025,0.47331127524375916,0.018635263666510582,0.16885721683502197,2.851224660873413,-1.252256989479065,-0.10162786394357681,0.03080572932958603
129,1358,24524.462688439,34.53263593777619,23.10041546040075,38.36268009832165,69.32693767757927,15.105204454502811,0.4598689377307892,0.028497733175754547,0.1754196435213089,2.8485336303710938,-1.2259984016418457,-0.1065589115023613,0.03107929602265358,0.45323342084884644,0.06100546568632126,0.18499670922756195,2.840193748474121,-1.267456293106079,-0.08183319121599197,0.029189882799983025,0.46795544028282166,0.09637589752674103,0.18696899712085724,3.1307835578918457,-1.1808284521102905,-0.07122359424829483,0.030496323481202126
130,1359,24524.5635562065,23.10041546040075,12.561476526672147,66.09781713979659,81.40006206724037,5.95808427717556,0.45819100737571716,0.03967132046818733,0.17765465378761292,2.8469228744506836,-1.2329431772232056,-0.10085342079401016,0.03107929602265358,0.45323342084884644,0.06100546568632126,0.18499670922756195,2.840193748474121,-1.267456293106079,-0.08183319121599197,0.029189882799983025,0.4959784746170044,0.11142085492610931,0.18473149836063385,2.7311742305755615,-1.267374038696289,-0.06962626427412033,0.031346775591373444
131,1360,24524.663038418003,12.561476526672147,9.150917125785998,37.37058880207241,44.081317294067574,9.01162625344506,0.4565071165561676,0.05015711486339569,0.17957574129104614,2.841827392578125,-1.239091396331787,-0.09176532924175262,0.03107929602265358,0.45323342084884644,0.06100546568632126,0.18499670922756195,2.840193748474121,-1.267456293106079,-0.08183319121599197,0.029189882799983025,0.4173411726951599,0.07036670297384262,0.18044976890087128,2.6955435276031494,-1.2056537866592407,-0.09557877480983734,0.03014547936618328
132,1361,24524.7633710475,9.150917125785998,7.819830753320746,12.16101386741907,9.964953942946673,0.8745538744594671,0.45622187852859497,0.053591128438711166,0.1805429458618164,2.840092182159424,-1.2430806159973145,-0.08805716037750244,0.03107929602265358,0.45323342084884644,0.06100546568632126,0.18499670922756195,2.840193748474121,-1.267456293106079,-0.08183319121599197,0.029189882799983025,0.4637996554374695,0.05989481136202812,0.17907966673374176,2.8252131938934326,-1.2652684450149536,-0.08818312734365463,0.031458258628845215
133,1362,24524.863559634,7.819830753320746,6.529728912534865,35.742108622581696,40.23430822260574,2.18049987408577,0.45606935024261475,0.05517458915710449,0.18062542378902435,2.8418121337890625,-1.246992826461792,-0.09070160239934921,0.03107929602265358,0.45323342084884644,0.06100546568632126,0.18499670922756195,2.840193748474121,-1.267456293106079,-0.08183319121599197,0.029189882799983025,0.46948546171188354,0.09283868223428726,0.18512248992919922,2.8741228580474854,-1.2214691638946533,-0.08602935820817947,0.03055097721517086
134,1363,24524.9647482275,5.0034701212304915,4.376390748142681,19.822777560743212,23.52169605922364,4.426670024910298,0.45594140887260437,0.05678042769432068,0.18081900477409363,2.8438303470611572,-1.2492157220840454,-0.09254682809114456,0.03107929602265358,0.4545942544937134,0.0609586164355278,0.1832195520401001,2.843151092529297,-1.2488380670547485,-0.09214413911104202,0.029189882799983025,0.4385434091091156,0.07254800945520401,0.18222013115882874,2.8948254585266113,-1.3056676387786865,-0.1284395307302475,0.030291013419628143
135,1364,24525.0653945115,16.506040766043924,14.074553775306805,12.18377339737729,18.129797374639868,1.522094942892536,0.4558750092983246,0.057477306574583054,0.1808972805738449,2.8446669578552246,-1.248319387435913,-0.09264904260635376,0.03107929602265358,0.45888805389404297,0.07321814447641373,0.18484658002853394,2.843151092529297,-1.2488380670547485,-0.09214413911104202,0.029189882799983025,0.46933093667030334,0.0695720911026001,0.17973807454109192,2.8723015785217285,-1.2319083213806152,-0.08860469609498978,0.0308274757117033
136,1365,24525.1656955775,32.926480283378865,25.37612924765719,33.991515027576455,14.42628455932487,3.775182882314673,0.45602118968963623,0.05991446226835251,0.18125684559345245,2.847940444946289,-1.2459818124771118,-0.09293463081121445,0.03107929602265358,0.4691098630428314,0.08986696600914001,0.18521755933761597,2.843151092529297,-1.2488380670547485,-0.09214413911104202,0.029189882799983025,0.46569207310676575,0.056625813245773315,0.19144392013549805,2.8759207725524902,-1.3172571659088135,-0.0837210938334465,0.03090883046388626
137,1366,24525.265656115,42.126861891114146,30.693000032519567,22.852067047267795,47.71609588227944,1.9989265385233943,0.4576956033706665,0.06729554384946823,0.18316975235939026,2.857473850250244,-1.2427117824554443,-0.08918256312608719,0.03107929602265358,0.48018983006477356,0.10279008746147156,0.1861395388841629,2.843151092529297,-1.2488380670547485,-0.09214413911104202,0.029189882799983025,0.498416543006897,0.09044366329908371,0.1922689527273178,2.8612663745880127,-1.2401005029678345,-0.04379391297698021,0.03139951825141907
138,1367,24525.36615558,47.26052481209864,33.7213175838038,30.65206313813973,18.228146642724525,4.157132440244736,0.46191418170928955,0.07813899964094162,0.18551921844482422,2.8663699626922607,-1.2420724630355835,-0.07637383788824081,0.03107929602265358,0.49395155906677246,0.11287107318639755,0.1864393949508667,2.843151092529297,-1.2488380670547485,-0.09214413911104202,0.029189882799983025,0.4776458442211151,0.08709609508514404,0.18338601291179657,2.8830230236053467,-1.318261981010437,-0.06906279921531677,0.030802249908447266
139,1368,24525.466043041502,45.77045183981262,32.23229688789386,41.63057527311634,6.003650162808186,1.3177765163510011,0.4692211151123047,0.08994658291339874,0.1864272654056549,2.871856689453125,-1.2444524765014648,-0.06179150193929672,0.03107929602265358,0.5048136115074158,0.11854297667741776,0.1832093894481659,2.843151092529297,-1.2488380670547485,-0.09214413911104202,0.029189882799983025,0.47362178564071655,0.09098144620656967,0.1824766993522644,2.8465473651885986,-1.244337797164917,-0.056861761957407,0.03166702762246132
140,1369,24525.56777822,42.30126558468737,29.427966533768966,14.300176132343317,36.119272503643614,20.92441185410971,0.478422611951828,0.10018721967935562,0.1855550855398178,2.8772201538085938,-1.2451164722442627,-0.05916447192430496,0.03107929602265358,0.5145784020423889,0.12017181515693665,0.17645718157291412,2.843151092529297,-1.2488380670547485,-0.09214413911104202,0.029189882799983025,0.5024932622909546,0.12135191261768341,0.1689039170742035,2.4595587253570557,-1.2503037452697754,-0.054998282343149185,0.030633775517344475
141,1370,24525.666753092002,37.31856305865399,24.573124134844633,26.042957857810084,11.94538883234805,2.6820021883263157,0.4889664947986603,0.10717261582612991,0.1828646957874298,2.8810136318206787,-1.2472728490829468,-0.06500355899333954,0.03107929602265358,0.5215591788291931,0.11960846930742264,0.16960793733596802,2.843151092529297,-1.2488380670547485,-0.09214413911104202,0.029189882799983025,0.5001306533813477,0.1113002598285675,0.18185651302337646,2.8888492584228516,-1.2351233959197998,-0.05688566341996193,0.029833640903234482
142,1371,24525.7666510225,30.422154057165915,18.66296342226791,18.858334358784884,17.43448306780102,5.7484551437168205,0.5001465678215027,0.11128702759742737,0.17833101749420166,-2.880424976348877,1.246438980102539,0.07438912242650986,0.03107929602265358,0.5258945822715759,0.11826742440462112,0.1637083888053894,2.843151092529297,-1.2488380670547485,-0.09214413911104202,0.029189882799983025,0.5169653296470642,0.10725098848342896,0.1761399358510971,-2.815979480743408,1.238020420074463,0.07191802561283112,0.030158638954162598
143,1372,24525.866933678502,22.599563541567075,13.414229269471123,14.581885175600094,25.59677132723996,2.6274201252475864,0.5099185705184937,0.11364462971687317,0.17217615246772766,-2.880079507827759,1.2451063394546509,0.08588678389787674,0.03107929602265358,0.5282198786735535,0.11702268570661545,0.15935464203357697,2.843151092529297,-1.2488380670547485,-0.09214413911104202,0.029189882799983025,0.5351200699806213,0.10975674539804459,0.1699482649564743,-2.8575282096862793,1.289876103401184,0.08009108155965805,0.030931539833545685
144,1373,24525.96736025,13.414229269471123,8.027144068700881,17.142073632512204,29.307763241419195,1.9203904918287404,0.5169179439544678,0.1147254928946495,0.1662052422761917,-2.8825607299804688,1.2455323934555054,0.09503215551376343,0.03107929602265358,0.5282198786735535,0.11702268570661545,0.15935464203357697,2.843151092529297,-1.2488380670547485,-0.09214413911104202,0.029189882799983025,0.5452988147735596,0.11561054736375809,0.15894660353660583,-2.8698511123657227,1.2959977388381958,0.08920571953058243,0.03057023510336876
145,1374,24526.06889329,8.027144068700881,5.918551017264133,5.459309498994076,11.826900875642307,1.9187756599385317,0.5210594534873962,0.11525940150022507,0.162525475025177,2.8803977966308594,-1.24491548538208,-0.10019145160913467,0.03107929602265358,0.5282198786735535,0.11702268570661545,0.15935464203357697,2.843151092529297,-1.2488380670547485,-0.09214413911104202,0.029189882799983025,0.532856822013855,0.11592277139425278,0.16201791167259216,2.816444158554077,-1.2640140056610107,-0.05697055533528328,0.030319098383188248
146,1375,24526.169199283002,5.918551017264133,5.510158100649892,5.6877856705819445,11.085453057012721,3.8542239373897167,0.5228252410888672,0.1154172495007515,0.1611848622560501,2.8795976638793945,-1.2449252605438232,-0.10151537507772446,0.03107929602265358,0.5282198786735535,0.11702268570661545,0.15935464203357697,2.843151092529297,-1.2488380670547485,-0.09214413911104202,0.029189882799983025,0.5337476134300232,0.1156836599111557,0.15930920839309692,2.9003729820251465,-1.283847689628601,-0.10305901616811752,0.030540963634848595
147,1376,24526.269378276498,5.510158100649892,5.365151577916724,14.683174694122487,15.106543996403284,2.91525959177936,0.5232502222061157,0.1153460294008255,0.16104377806186676,2.8791186809539795,-1.2456109523773193,-0.1002701073884964,0.03107929602265358,0.5282198786735535,0.11702268570661545,0.15935464203357697,2.843151092529297,-1.2488380670547485,-0.09214413911104202,0.029189882799983025,0.5318132638931274,0.10290145128965378,0.1611640453338623,2.8832876682281494,-1.2803926467895508,-0.10393425077199936,0.02893291972577572
148,1377,24526.3692749635,5.165891652534537,4.932406989413438,5.657569513773724,1.9816476673812822,6.137976210401912,0.5233865976333618,0.11534073948860168,0.16096563637256622,2.8790876865386963,-1.2459768056869507,-0.09966405481100082,0.03107929602265358,0.5198816061019897,0.11760411411523819,0.16401171684265137,2.8791186809539795,-1.2456109523773193,-0.1002701073884964,0.029189882799983025,0.5238049626350403,0.11391536891460419,0.1622772067785263,2.773574113845825,-1.3619968891143799,-0.10465408116579056,0.03293435648083687
149,1378,24526.469598821997,2.292385328267561,1.7649666088350249,14.299514573994363,13.395187266781607,2.189629847358764,0.5230701565742493,0.11550341546535492,0.1608894020318985,2.878837823867798,-1.2452106475830078,-0.10090700536966324,0.03107929602265358,0.5222076773643494,0.11757171899080276,0.16040641069412231,2.8791186809539795,-1.2456109523773193,-0.1002701073884964,0.029189882799983025,0.5363740921020508,0.1165396049618721,0.16205672919750214,2.85198974609375,-1.298852562904358,-0.09768705815076828,0.029788769781589508
150,1379,24526.570612134,6.768288021471646,6.622827164511676,6.04915935910666,12.56497401970915,2.2844654905197683,0.5226969718933105,0.11590144038200378,0.16069944202899933,2.8790273666381836,-1.2439416646957397,-0.10186905413866043,0.03107929602265358,0.5267603397369385,0.11671417951583862,0.15534797310829163,2.8791186809539795,-1.2456109523773193,-0.1002701073884964,0.029189882799983025,0.5319150686264038,0.11780238896608353,0.15237528085708618,2.841689348220825,-1.2319515943527222,-0.09774929285049438,0.0301202405244112
151,1380,24526.671070313,9.613222302982045,8.158907799424453,13.066488676945559,8.20256966825476,2.3559623256022517,0.5226349830627441,0.1159411072731018,0.16047102212905884,2.8791236877441406,-1.2438699007034302,-0.10185564309358597,0.03107929602265358,0.5287990570068359,0.11650090664625168,0.1531154215335846,2.8791186809539795,-1.2456109523773193,-0.1002701073884964,0.029189882799983025,0.5185277462005615,0.12269920855760574,0.158293679356575,2.841785430908203,-1.2297972440719604,-0.11324429512023926,0.030662070959806442
152,1381,24526.771192018503,8.840320754901514,6.243262604086426,15.25082414775162,21.565073143845453,2.2790670958566617,0.523252010345459,0.11611681431531906,0.1590862274169922,2.8800718784332275,-1.244590401649475,-0.10088300704956055,0.03107929602265358,0.5295006632804871,0.1162140816450119,0.15283353626728058,2.8791186809539795,-1.2456109523773193,-0.1002701073884964,0.029189882799983025,0.5445164442062378,0.11625275760889053,0.15550045669078827,2.921461820602417,-1.2431584596633911,-0.09954787790775299,0.030414830893278122
153,1382,24526.870883828,6.243262604086426,4.14341641603394,2.969268683282894,6.725999323963353,2.1852305026898224,0.5243816375732422,0.11630351096391678,0.1564064770936966,2.881438732147217,-1.2461798191070557,-0.09978469461202621,0.03107929602265358,0.5295006632804871,0.1162140816450119,0.15283353626728058,2.8791186809539795,-1.2456109523773193,-0.1002701073884964,0.029189882799983025,0.5277392268180847,0.11717218160629272,0.15064357221126556,2.837392807006836,-1.257591724395752,-0.09406021982431412,0.029793251305818558
154,1383,24526.972903805,4.14341641603394,3.386263488644425,3.664485177181635,7.752398937443535,1.5084534190685224,0.5256577730178833,0.11617901176214218,0.1543823629617691,-2.8801982402801514,1.2474910020828247,0.09772549569606781,0.03107929602265358,0.5295006632804871,0.1162140816450119,0.15283353626728058,2.8791186809539795,-1.2456109523773193,-0.1002701073884964,0.029189882799983025,0.5327231884002686,0.11540763080120087,0.15128646790981293,-2.865679979324341,1.2842292785644531,0.09513402730226517,0.030465487390756607
155,1384,24527.072680313497,4.725493662457122,4.306776613724808,4.498235552468779,5.606543085729679,4.662209520716809,0.5262820720672607,0.11610260605812073,0.15387997031211853,-2.8789432048797607,1.2477706670761108,0.09586427360773087,0.03107929602265358,0.5309080481529236,0.11559455096721649,0.15305989980697632,2.8791186809539795,-1.2456109523773193,-0.1002701073884964,0.029189882799983025,0.5289728045463562,0.11548011004924774,0.1490008533000946,-2.968104839324951,1.2555876970291138,0.09606746584177017,0.03080439567565918
156,1385,24527.172390671498,10.309322721392661,8.973710770976924,40.69374814995026,50.04685295685383,64.40992814350741,0.5267000794410706,0.11598064005374908,0.153891921043396,-2.878053665161133,1.2480287551879883,0.09422138333320618,0.03107929602265358,0.5366932153701782,0.11350864917039871,0.15333637595176697,2.8791186809539795,-1.2456109523773193,-0.1002701073884964,0.029189882799983025,0.5753808617591858,0.12186340987682343,0.14387883245944977,-1.9553252458572388,0.5903714895248413,0.018647553399205208,0.030592266470193863
157,1386,24527.2725310045,16.081760625436228,13.118853029555272,8.380788767301294,19.16268662601345,1.4370352825422652,0.5279402136802673,0.11538882553577423,0.15395069122314453,-2.8755640983581543,1.2489091157913208,0.0895317792892456,0.03107929602265358,0.5434461236000061,0.11131469905376434,0.15268923342227936,2.8791186809539795,-1.2456109523773193,-0.1002701073884964,0.029189882799983025,0.5424622893333435,0.10300417989492416,0.15223650634288788,-2.884765625,1.2429585456848145,0.06151346489787102,0.030707834288477898
158,1387,24527.3731621485,19.4212825249877,14.825095737820643,10.437106837899725,9.200155142049132,3.148757396766213,0.5306901335716248,0.11408229172229767,0.1540043205022812,-2.8713321685791016,1.2492927312850952,0.080745629966259,0.03107929602265358,0.5496947169303894,0.11102847009897232,0.1514185518026352,2.8791186809539795,-1.2456109523773193,-0.1002701073884964,0.029189882799983025,0.5394192337989807,0.11285745352506638,0.1513689011335373,-2.9391677379608154,1.2533740997314453,0.0770217552781105,0.03123548813164234
159,1388,24527.4733858345,17.05065842992761,11.936468409626901,5.3770318286054195,11.913607821789075,1.5696808558753137,0.5351036787033081,0.11274875700473785,0.15339988470077515,-2.866168737411499,1.2498263120651245,0.07277028262615204,0.03107929602265358,0.5516676902770996,0.11196613311767578,0.1494317650794983,2.8791186809539795,-1.2456109523773193,-0.1002701073884964,0.029189882799983025,0.5464019775390625,0.11303608864545822,0.14963160455226898,-2.8913092613220215,1.2748703956604004,0.07387745380401611,0.030593721196055412
160,1389,24527.573047784,11.936468409626901,7.536359753317246,7.835568402882161,7.815574127065973,5.564237844578556,0.5399839282035828,0.11240435391664505,0.15183529257774353,-2.8633484840393066,1.2506177425384521,0.0727977305650711,0.03107929602265358,0.5516676902770996,0.11196613311767578,0.1494317650794983,2.8791186809539795,-1.2456109523773193,-0.1002701073884964,0.029189882799983025,0.5448360443115234,0.11300510168075562,0.14573781192302704,-2.981851577758789,1.2527761459350586,0.05652179569005966,0.031052328646183014
161,1390,24527.67336322,7.536359753317246,5.229853982989672,3.817690265380674,5.4607008008360785,1.9695609213154737,0.5441529154777527,0.11250697821378708,0.1496116667985916,-2.8633642196655273,1.2505840063095093,0.07561683654785156,0.03107929602265358,0.5516676902770996,0.11196613311767578,0.1494317650794983,2.8791186809539795,-1.2456109523773193,-0.1002701073884964,0.029189882799983025,0.5487473607063293,0.11044690012931824,0.14749827980995178,-2.8684911727905273,1.283919334411621,0.06348852068185806,0.030568623915314674
162,1391,24527.773804133,5.229853982989672,4.43555143806623,3.5431711377146544,8.575237970807828,3.995949230907748,0.5465472340583801,0.11244028806686401,0.1484791487455368,-2.864321231842041,1.2506792545318604,0.07868990302085876,0.03107929602265358,0.5516676902770996,0.11196613311767578,0.1494317650794983,2.8791186809539795,-1.2456109523773193,-0.1002701073884964,0.029189882799983025,0.5545224547386169,0.1107090637087822,0.15111228823661804,-2.9445033073425293,1.2824064493179321,0.07947047799825668,0.03476909175515175
163,1392,24527.873729864,0.0,0.1391024365182779,10.981775991793898,10.981775991793898,5.007694930934604,0.5472918152809143,0.11226805299520493,0.1487724632024765,-2.864675760269165,1.2507941722869873,0.07883938401937485,0.03107929602265358,0.5472918152809143,0.11226805299520493,0.1487724632024765,-2.864675760269165,1.2507941722869873,0.07883938401937485,0.029189882799983025,0.5575923323631287,0.11362836509943008,0.14521601796150208,-2.9466962814331055,1.2812012434005737,0.08016645163297653,0.030954282730817795
164,1393,24527.975067701,0.942921413180691,0.8827351180308048,10.439413444257521,9.6777553580422,8.996604169571969,0.547389566898346,0.11222933232784271,0.1488635390996933,-2.8647336959838867,1.25072181224823,0.07852763682603836,0.03107929602265358,0.5466453433036804,0.11235634982585907,0.14942842721939087,-2.864675760269165,1.2507941722869873,0.07883938401937485,0.029189882799983025,0.5569689869880676,0.11086173355579376,0.14901629090309143,-2.8110835552215576,1.0628135204315186,0.06954209506511688,0.029510123655200005
165,1394,24528.07563333,1.3158610208942307,1.180264467624212,7.9784572250026065,8.016581127898046,2.0052769221356206,0.5472265481948853,0.11220458149909973,0.14878159761428833,-2.864995241165161,1.2508074045181274,0.07921085506677628,0.03107929602265358,0.5474599003791809,0.11165060102939606,0.14761106669902802,-2.864675760269165,1.2507941722869873,0.07883938401937485,0.029189882799983025,0.554877758026123,0.11028803139925003,0.15021386742591858,-2.8822085857391357,1.2870080471038818,0.07269567996263504,0.030972419306635857
166,1395,24528.176779969,3.0342637461491124,2.790808000474326,8.019033223996926,9.830504011060789,2.2478479807270864,0.5469458103179932,0.11216111481189728,0.14854279160499573,-2.865288734436035,1.2509278059005737,0.07999084144830704,0.03107929602265358,0.5482330918312073,0.11088550090789795,0.1461091786623001,-2.864675760269165,1.2507941722869873,0.07883938401937485,0.029189882799983025,0.5560379028320312,0.11218495666980743,0.14480486512184143,-2.893904209136963,1.2790727615356445,0.08113744109869003,0.03041972778737545
167,1396,24528.276209824,3.743897695197834,3.1584684048419325,10.500637356751337,12.04496112092095,4.612566322869771,0.5466156601905823,0.11194700002670288,0.14812058210372925,-2.8654263019561768,1.251457929611206,0.08068563044071198,0.03107929602265358,0.5488184690475464,0.11050964146852493,0.14545629918575287,-2.864675760269165,1.2507941722869873,0.07883938401937485,0.029189882799983025,0.5583576560020447,0.10984931886196136,0.149795800447464,-2.94927978515625,1.24224853515625,0.10193371772766113,0.03127782419323921
168,1397,24528.376484226,4.033313639509826,3.2559303833908575,11.144789685850068,14.3416273883205,2.9759133924674477,0.546636164188385,0.11146923154592514,0.14752817153930664,-2.8648345470428467,1.252687931060791,0.08044267445802689,0.03107929602265358,0.5493737459182739,0.11018961668014526,0.14485687017440796,-2.864675760269165,1.2507941722869873,0.07883938401937485,0.029189882799983025,0.5601921677589417,0.11199048161506653,0.14287571609020233,-2.807582378387451,1.2847996950149536,0.08603189140558243,0.031171439215540886
169,1398,24528.476985752,5.620227865387502,4.485351664011352,6.092200325275967,8.29205836446583,1.4530297706104542,0.5469128489494324,0.11104586720466614,0.14680927991867065,-2.864032506942749,1.2539108991622925,0.08011216670274734,0.03107929602265358,0.5507447719573975,0.10888200253248215,0.1433134227991104,-2.864675760269165,1.2507941722869873,0.07883938401937485,0.029189882799983025,0.553696870803833,0.11421070247888565,0.14324289560317993,-2.8705954551696777,1.2827050685882568,0.08444783091545105,0.030736800283193588
170,1399,24528.5772211175,4.485351664011352,3.686735670282151,10.910787201700218,13.14409380653299,6.151630983995023,0.5473911166191101,0.11049669235944748,0.14581625163555145,-2.862851619720459,1.2555291652679443,0.07952552288770676,0.03107929602265358,0.5507447719573975,0.10888200253248215,0.1433134227991104,-2.864675760269165,1.2507941722869873,0.07883938401937485,0.029189882799983025,0.5601565837860107,0.1095280796289444,0.14879481494426727,-2.974478244781494,1.2612073421478271,0.08753793686628342,0.0319608710706234
171,1400,24528.677152228498,6.909835462962322,5.888911708716576,9.364537744218838,10.198167210442657,3.380701234023565,0.5477326512336731,0.11011683940887451,0.14504383504390717,-2.8620195388793945,1.2566605806350708,0.07919064164161682,0.03107929602265358,0.5526228547096252,0.1078389436006546,0.14072608947753906,-2.864675760269165,1.2507941722869873,0.07883938401937485,0.029189882799983025,0.5568720698356628,0.1080489233136177,0.1490684300661087,-2.9295849800109863,1.2142702341079712,0.07120179384946823,0.0291384756565094
172,1401,24528.777885388998,5.888911708716576,4.8100750263524885,5.190094886973193,2.2159966038600007,3.945273836691729,0.5481947064399719,0.1095878854393959,0.1441919207572937,-2.8608899116516113,1.258180022239685,0.07847749441862106,0.03107929602265358,0.5526228547096252,0.1078389436006546,0.14072608947753906,-2.864675760269165,1.2507941722869873,0.07883938401937485,0.029189882799983025,0.5477415323257446,0.10889974981546402,0.14213480055332184,-2.907728433609009,1.3120393753051758,0.0681508481502533,0.031007755547761917
173,1402,24528.8777401215,6.2921932904235405,5.091178806473724,6.447384455954667,9.02467754369864,0.8777156391093931,0.548728883266449,0.10907576978206635,0.14326460659503937,-2.8596601486206055,1.2595939636230469,0.07751909643411636,0.03107929602265358,0.5537333488464355,0.10718647390604019,0.13995136320590973,-2.864675760269165,1.2507941722869873,0.07883938401937485,0.029189882799983025,0.5551208257675171,0.11331542581319809,0.13850927352905273,-2.8494255542755127,1.2624377012252808,0.07019368559122086,0.031446706503629684
174,1403,24528.97785231,10.846533052798144,8.833352465737216,7.551317369910445,7.0686668720679835,1.9022441145530105,0.5494369864463806,0.1086355671286583,0.14226685464382172,-2.8583505153656006,1.2603318691253662,0.07584473490715027,0.03107929602265358,0.5571551322937012,0.10305560380220413,0.13707633316516876,-2.864675760269165,1.2507941722869873,0.07883938401937485,0.029189882799983025,0.5562475919723511,0.10963894426822662,0.14066219329833984,-2.8680169582366943,1.2949289083480835,0.08862366527318954,0.031182309612631798
175,1404,24529.0785181245,11.452012528873333,9.04601833311553,8.343519710811593,10.05566087030069,3.189854950226637,0.5506556630134583,0.10750902444124222,0.14107033610343933,-2.856567621231079,1.2609443664550781,0.07252238690853119,0.03107929602265358,0.5584871172904968,0.10142011940479279,0.13534826040267944,-2.864675760269165,1.2507941722869873,0.07883938401937485,0.029189882799983025,0.5591456890106201,0.10273110866546631,0.14356178045272827,-2.876744270324707,1.3211960792541504,0.06215082108974457,0.028513528406620026
176,1405,24529.178657415498,12.990931209204698,10.976383246950489,9.978276573785474,16.3819142832756,3.6939651723039013,0.552297055721283,0.10564009845256805,0.14041830599308014,-2.8546864986419678,1.2617607116699219,0.06864987313747406,0.03107929602265358,0.5600823760032654,0.09813894331455231,0.13321512937545776,-2.864675760269165,1.2507941722869873,0.07883938401937485,0.029189882799983025,0.5680505037307739,0.10194342583417892,0.13786280155181885,-2.903498411178589,1.309913158416748,0.06753206998109818,0.031094633042812347
177,1406,24529.2799241465,12.67683263058491,10.76565131575389,9.426304634472544,7.293904798000886,5.407178546365513,0.5535857677459717,0.10356798768043518,0.14020086824893951,-2.8538901805877686,1.262446641921997,0.06663297116756439,0.03107929602265358,0.5609095096588135,0.09612105786800385,0.13301698863506317,-2.864675760269165,1.2507941722869873,0.07883938401937485,0.029189882799983025,0.5603209137916565,0.10438045859336853,0.13752155005931854,-2.9561221599578857,1.2762430906295776,0.07133638113737106,0.031408946961164474
178,1407,24529.3809393145,11.29509916272887,9.683767622861572,4.940797214751085,8.514162686238096,1.3733918488167136,0.5545696020126343,0.10136008262634277,0.13996374607086182,-2.8537445068359375,1.262542724609375,0.06511831283569336,0.03107929602265358,0.5611554980278015,0.09539411962032318,0.1329914778470993,-2.864675760269165,1.2507941722869873,0.07883938401937485,0.029189882799983025,0.5563225150108337,0.09637747704982758,0.1332860291004181,-2.883502960205078,1.2653182744979858,0.0695573166012764,0.030202830210328102
179,1408,24529.482046750498,9.683767622861572,8.943863988749978,18.87362291621459,10.009509200287738,4.292085937678305,0.5553625822067261,0.09941914677619934,0.13962598145008087,-2.854295492172241,1.2612515687942505,0.06394311040639877,0.03107929602265358,0.5611554980278015,0.09539411962032318,0.1329914778470993,-2.864675760269165,1.2507941722869873,0.07883938401937485,0.029189882799983025,0.5472273230552673,0.10498222708702087,0.14137525856494904,-2.7922847270965576,1.2330002784729004,0.06199571117758751,0.03222928196191788
180,1409,24529.5818422,8.943863988749978,8.529725516018804,14.91466515926803,13.201939985524666,0.4421438926208401,0.5558280944824219,0.09847654402256012,0.13948071002960205,-2.8544442653656006,1.2606518268585205,0.06313187628984451,0.03107929602265358,0.5611554980278015,0.09539411962032318,0.1329914778470993,-2.864675760269165,1.2507941722869873,0.07883938401937485,0.029189882799983025,0.5541973114013672,0.08558489382266998,0.14181247353553772,-2.863224506378174,1.2610058784484863,0.07343359291553497,0.030668839812278748
181,1410,24529.682123821,8.529725516018804,8.406203263261323,7.1922309170330605,5.008716428815636,5.027211538264388,0.5561175346374512,0.09792300313711166,0.13939303159713745,-2.8543107509613037,1.2607051134109497,0.06252816319465637,0.03107929602265358,0.5611554980278015,0.09539411962032318,0.1329914778470993,-2.864675760269165,1.2507941722869873,0.07883938401937485,0.029189882799983025,0.5608717799186707,0.09650976210832596,0.14009098708629608,-2.959307909011841,1.2386125326156616,0.07101531326770782,0.030418438836932182
182,1411,24529.782905783497,8.406203263261323,8.221159207728602,8.983468421095209,7.590416128566548,3.446736169430064,0.5561689734458923,0.09775131940841675,0.13933517038822174,-2.85445499420166,1.2604522705078125,0.062490373849868774,0.03107929602265358,0.5611554980278015,0.09539411962032318,0.1329914778470993,-2.864675760269165,1.2507941722869873,0.07883938401937485,0.029189882799983025,0.561945378780365,0.1025727242231369,0.13833436369895935,-2.8037075996398926,1.2482317686080933,0.059471599757671356,0.02921215444803238
183,1412,24529.883400159,8.221159207728602,7.937712708784604,5.945406080891793,5.9605495942267055,3.3236768720804863,0.5563322901725769,0.09743393957614899,0.13932892680168152,-2.8543355464935303,1.2605128288269043,0.0620022714138031,0.03107929602265358,0.5611554980278015,0.09539411962032318,0.1329914778470993,-2.864675760269165,1.2507941722869873,0.07883938401937485,0.029189882799983025,0.5620390176773071,0.09850390255451202,0.137981116771698,-2.851240634918213,1.3356187343597412,0.09041706472635269,0.029530305415391922
184,1413,24529.9850575735,8.035642573443505,7.887748885582686,7.693169650005202,11.36166264719331,1.9826016937213893,0.556485116481781,0.09691211581230164,0.1392277032136917,-2.8543765544891357,1.2605531215667725,0.061732109636068344,0.03107929602265358,0.560966968536377,0.09464265406131744,0.13295601308345795,-2.864675760269165,1.2507941722869873,0.07883938401937485,0.029189882799983025,0.5674452781677246,0.09717188030481339,0.13624529540538788,-2.8763108253479004,1.2921174764633179,0.08140331506729126,0.030452720820903778
185,1414,24530.086172142503,8.293280609734888,7.981053118128675,7.767549688249516,8.636291241691618,1.8263795947655004,0.556538462638855,0.09666156023740768,0.13916318118572235,-2.854459762573242,1.2605020999908447,0.061689067631959915,0.03107929602265358,0.5608685612678528,0.09396935254335403,0.13262248039245605,-2.864675760269165,1.2507941722869873,0.07883938401937485,0.029189882799983025,0.565151572227478,0.09662866592407227,0.13853168487548828,-2.867117166519165,1.2936670780181885,0.06849753856658936,0.029154779389500618
186,1415,24530.1869895125,8.269905498262416,7.573153815465918,11.764250236308985,10.985407365740068,1.4788620432326922,0.5566105842590332,0.09609191119670868,0.13903041183948517,-2.8544139862060547,1.2610918283462524,0.06172233447432518,0.03107929602265358,0.5602121353149414,0.09260401874780655,0.1324535757303238,-2.864675760269165,1.2507941722869873,0.07883938401937485,0.029189882799983025,0.5671228170394897,0.0944862961769104,0.14178615808486938,-2.8762543201446533,1.278927206993103,0.0746135488152504,0.030133118852972984
187,1416,24530.2875070705,7.573153815465918,3.9477848159752407,7.856240552546676,9.988393699894546,1.6475999336403524,0.5565110445022583,0.09518767893314362,0.13853463530540466,-2.854701042175293,1.2620058059692383,0.06271573156118393,0.03107929602265358,0.5602121353149414,0.09260401874780655,0.1324535757303238,-2.864675760269165,1.2507941722869873,0.07883938401937485,0.029189882799983025,0.5647791028022766,0.08960061520338058,0.13809652626514435,-2.8547897338867188,1.2919083833694458,0.06622882187366486,0.029971251264214516
188,1417,24530.388052189497,4.125790228716124,2.8591996554453147,2.798218219241167,4.707554574549014,1.7493217079783416,0.5568775534629822,0.09403494745492935,0.13400857150554657,-2.854461669921875,1.2628345489501953,0.06534096598625183,0.03107929602265358,0.559475839138031,0.09142430126667023,0.13214965164661407,-2.864675760269165,1.2507941722869873,0.07883938401937485,0.029189882799983025,0.5614286065101624,0.09301657229661942,0.13336677849292755,-2.8876395225524902,1.272215723991394,0.0725979208946228,0.029195405542850494
189,1418,24530.488077091002,2.8591996554453147,2.5497991741359374,6.419005011210145,5.656401999359379,1.2344999163934272,0.557951033115387,0.09365697205066681,0.13307979702949524,-2.85412859916687,1.2625038623809814,0.06533866375684738,0.03107929602265358,0.559475839138031,0.09142430126667023,0.13214965164661407,-2.864675760269165,1.2507941722869873,0.07883938401937485,0.029189882799983025,0.5625605583190918,0.09692413359880447,0.13334964215755463,-2.8472912311553955,1.2627344131469727,0.05662965774536133,0.029660888016223907
190,1419,24530.588524805,2.5497991741359374,2.35517306924784,31.32104751492118,33.21510336213964,1.3334507162340539,0.5579437613487244,0.09329519420862198,0.1329583376646042,-2.8545050621032715,1.262266755104065,0.06573005765676498,0.03107929602265358,0.559475839138031,0.09142430126667023,0.13214965164661407,-2.864675760269165,1.2507941722869873,0.07883938401937485,0.029189882799983025,0.56849205493927,0.06333252787590027,0.14266479015350342,-2.8848705291748047,1.2622931003570557,0.07430155575275421,0.029590079560875893
191,1420,24530.68835869,2.35517306924784,2.2700021297746797,8.571018271258325,9.900548720504052,2.077932211359757,0.5579735040664673,0.09305045753717422,0.13295304775238037,-2.854682207107544,1.2620806694030762,0.06571908295154572,0.03107929602265358,0.559475839138031,0.09142430126667023,0.13214965164661407,-2.864675760269165,1.2507941722869873,0.07883938401937485,0.029189882799983025,0.5678507089614868,0.09264837205410004,0.13350078463554382,-2.8430275917053223,1.3025237321853638,0.0704958587884903,0.031096283346414566
192,1421,24530.788771056003,2.2700021297746797,2.1613677736635912,6.3448110952853405,8.316419784397809,2.2218017691803693,0.5579712390899658,0.0929318368434906,0.1329347789287567,-2.8548336029052734,1.2618907690048218,0.06576888263225555,0.03107929602265358,0.559475839138031,0.09142430126667023,0.13214965164661407,-2.864675760269165,1.2507941722869873,0.07883938401937485,0.029189882799983025,0.5656249523162842,0.09016837924718857,0.13121815025806427,-2.8692569732666016,1.2962543964385986,0.04875969514250755,0.031128915026783943
193,1422,24530.8886331,2.1613677736635912,2.1302330392532305,11.807276584076769,11.688959481004431,3.6686106352338514,0.5579473376274109,0.09274227172136307,0.13292305171489716,-2.855010747909546,1.2618666887283325,0.06597770750522614,0.03107929602265358,0.559475839138031,0.09142430126667023,0.13214965164661407,-2.864675760269165,1.2507941722869873,0.07883938401937485,0.031287431716918945,0.5504323244094849,0.08383404463529587,0.1320287138223648,-2.913058042526245,1.2959355115890503,0.07189363986253738,0.03144880756735802
194,1423,24530.98932698,2.1302330392532305,2.11202813303125,7.223151857366952,6.32688927395161,2.540730611277809,0.5579416155815125,0.09268847107887268,0.13291510939598083,-2.8550937175750732,1.2617712020874023,0.06603005528450012,0.030517620965838432,0.559475839138031,0.09142430126667023,0.13214965164661407,-2.864675760269165,1.2507941722869873,0.07883938401937485,0.03236576169729233,0.5584077835083008,0.09244503080844879,0.13922010362148285,-2.8693878650665283,1.3029097318649292,0.04413308948278427,0.031042220070958138
195,1424,24531.089428856503,2.11202813303125,2.1333700759760283,7.3859632821112005,9.059024736032038,2.2350339806319073,0.55794358253479,0.09265419095754623,0.1329243928194046,-2.855177879333496,1.261616826057434,0.0660262480378151,0.030517620965838432,0.559475839138031,0.09142430126667023,0.13214965164661407,-2.864675760269165,1.2507941722869873,0.07883938401937485,0.03449748083949089,0.5629824995994568,0.08521316200494766,0.1340673416852951,-2.8301186561584473,1.297856330871582,0.0704093873500824,0.030583543702960014
196,1425,24531.1904537685,2.1333700759760283,2.1116509751668326,17.350496829208897,18.495258329148392,1.4508772185327308,0.5575915575027466,0.0924074724316597,0.1323343813419342,-2.855703353881836,1.2618610858917236,0.06759766489267349,0.032764315605163574,0.559475839138031,0.09142430126667023,0.13214965164661407,-2.864675760269165,1.2507941722869873,0.07883938401937485,0.0366409569978714,0.5674617886543274,0.08550377935171127,0.14636977016925812,-2.870488166809082,1.2809092998504639,0.06446148455142975,0.031104765832424164
197,1426,24531.290977807,2.1116509751668326,2.0689148617179565,4.324035856709332,4.427183351072079,5.042941974728138,0.5575408339500427,0.09226968884468079,0.13213762640953064,-2.8558011054992676,1.2620747089385986,0.068059042096138,0.034823790192604065,0.559475839138031,0.09142430126667023,0.13214965164661407,-2.864675760269165,1.2507941722869873,0.07883938401937485,0.038785647600889206,0.5593208074569702,0.09311630576848984,0.12817342579364777,-2.942755937576294,1.2917890548706055,0.07520871609449387,0.03477257490158081
198,1427,24531.391234564,2.0689148617179565,2.0422663199921374,4.174074709699298,3.435271970021095,2.7047577994359724,0.5575730800628662,0.09223665297031403,0.132150799036026,-2.855888843536377,1.2618237733840942,0.067974753677845,0.034823790192604065,0.559475839138031,0.09142430126667023,0.13214965164661407,-2.864675760269165,1.2507941722869873,0.07883938401937485,0.040928199887275696,0.5576841831207275,0.0933271124958992,0.1288950890302658,-2.88432240486145,1.3028653860092163,0.06462199985980988,0.03461572155356407
199,1428,24531.4915140095,2.0422663199921374,2.0283952759382378,52.61715125421054,53.19694433213337,3.6710962323472476,0.5575739741325378,0.09216831624507904,0.13213540613651276,-2.855877637863159,1.2619187831878662,0.06799819320440292,0.03594713658094406,0.559475839138031,0.09142430126667023,0.13214965164661407,-2.864675760269165,1.2507941722869873,0.07883938401937485,0.042000509798526764,0.5720754265785217,0.08617831021547318,0.1829659342765808,-2.918787717819214,1.2860881090164185,0.07417642325162888,0.04254310950636864
200,1429,24531.5918146095,2.0283952759382378,2.034285510875779,5.777516312020065,7.788533575619606,4.110865326058075,0.5575842261314392,0.09215651452541351,0.13214248418807983,-2.8559908866882324,1.2616444826126099,0.06796136498451233,0.03594713658094406,0.559475839138031,0.09142430126667023,0.13214965164661407,-2.864675760269165,1.2507941722869873,0.07883938401937485,0.042500000447034836,0.564744234085083,0.08920658379793167,0.13130974769592285,-2.911684989929199,1.3121417760849,0.07649385184049606,0.03925633057951927
201,1430,24531.6923287565,2.034285510875779,2.025604318422238,9.801337004665555,11.438615736469007,3.029596667859726,0.5575734376907349,0.09214454889297485,0.13212892413139343,-2.856013059616089,1.2616419792175293,0.0679992064833641,0.040066078305244446,0.559475839138031,0.09142430126667023,0.13214965164661407,-2.864675760269165,1.2507941722869873,0.07883938401937485,0.042500000447034836,0.5668631196022034,0.08984751999378204,0.138395294547081,-2.8976962566375732,1.2979652881622314,0.07157880067825317,0.04255685955286026
202,1431,24531.792579439003,2.025604318422238,2.032407372192865,16.840311575003106,18.66867836875199,3.0857758806247295,0.5575851798057556,0.0921512097120285,0.13214047253131866,-2.856052875518799,1.2615007162094116,0.06796107441186905,0.040066078305244446,0.559475839138031,0.09142430126667023,0.13214965164661407,-2.864675760269165,1.2507941722869873,0.07883938401937485,0.042500000447034836,0.573983371257782,0.08741823583841324,0.13970471918582916,-2.875243663787842,1.3171800374984741,0.05192014202475548,0.04257175326347351
203,1432,24531.8927477645,2.032407372192865,2.0252670652752305,20.15036370813425,21.274659890452007,1.783611874879559,0.5575734972953796,0.09213937073945999,0.13212841749191284,-2.856074571609497,1.2615010738372803,0.06799808144569397,0.040066078305244446,0.559475839138031,0.09142430126667023,0.13214965164661407,-2.864675760269165,1.2507941722869873,0.07883938401937485,0.042500000447034836,0.5683172941207886,0.08577888458967209,0.14935415983200073,-2.8577606678009033,1.2960442304611206,0.07003404945135117,0.04270876571536064
204,1433,24531.9930804705,2.0252670652752305,2.025470016513983,9.58750773692155,11.56848201902734,2.5767945289421017,0.5575839877128601,0.09214713424444199,0.13213881850242615,-2.856069326400757,1.2614690065383911,0.067964568734169,0.040066078305244446,0.559475839138031,0.09142430126667023,0.13214965164661407,-2.864675760269165,1.2507941722869873,0.07883938401937485,0.042500000447034836,0.5687994360923767,0.08969541639089584,0.13356450200080872,-2.8859498500823975,1.2987990379333496,0.07304803282022476,0.042628489434719086
205,1434,24532.094770720498,0.006602177195862318,0.03581847152772352,16.65743024739473,16.65817065739613,1.8275729017250886,0.5575810670852661,0.09213997423648834,0.1321362406015396,-2.8560824394226074,1.261460542678833,0.06796953827142715,0.040066078305244446,0.5575840473175049,0.09214567393064499,0.132137730717659,-2.8560781478881836,1.2614564895629883,0.06796280294656754,0.042500000447034836,0.5730335712432861,0.0859866812825203,0.13305914402008057,-2.830094814300537,1.3029130697250366,0.07251907885074615,0.042693231254816055
206,1435,24532.1946590195,10.905750619885909,9.054173281874508,15.665648588953685,14.744618230301155,2.5866219394579533,0.5575844645500183,0.09218116104602814,0.132142573595047,-2.8561105728149414,1.2613534927368164,0.06794995069503784,0.040066078305244446,0.5605338215827942,0.0959080159664154,0.14195823669433594,-2.8560781478881836,1.2614564895629883,0.06796280294656754,0.042500000447034836,0.5719866752624512,0.0893406942486763,0.13352526724338531,-2.9028210639953613,1.264235258102417,0.0636405199766159,0.04265445098280907
207,1436,24532.2948517475,23.95022326297956,17.370766723276454,15.968371395129711,12.776087726501075,2.910439980091105,0.5589610934257507,0.0929628387093544,0.13354215025901794,-2.8551173210144043,1.25927734375,0.06386833637952805,0.040066078305244446,0.5648905634880066,0.0944540724158287,0.1566988080739975,-2.8560781478881836,1.2614564895629883,0.06796280294656754,0.042500000447034836,0.5684242844581604,0.09028095006942749,0.14169591665267944,-2.884770154953003,1.310340404510498,0.06089451164007187,0.04273755103349686
208,1437,24532.3951568295,37.783999810203554,25.533105440373497,15.326725108210569,52.51172853243051,2.8849066375073633,0.5618661046028137,0.09363248944282532,0.1396131068468094,-2.8539998531341553,1.257327675819397,0.057791877537965775,0.040066078305244446,0.5713480114936829,0.08980261534452438,0.17598694562911987,-2.8560781478881836,1.2614564895629883,0.06796280294656754,0.042500000447034836,0.5788555145263672,0.09141725301742554,0.1892511397600174,-2.8880679607391357,1.3053337335586548,0.059056930243968964,0.04249238595366478
209,1438,24532.495129557,43.306383539424054,28.69167566315254,78.5593905371084,121.85099237478627,11.908568727974671,0.5655104517936707,0.09288772195577621,0.15132230520248413,-2.8535051345825195,1.2588640451431274,0.05352028086781502,0.040066078305244446,0.5768159031867981,0.08569857478141785,0.1925041675567627,-2.8560781478881836,1.2614564895629883,0.06796280294656754,0.042500000447034836,0.5948762893676758,0.07294321805238724,0.2678878605365753,-3.0649287700653076,1.292747974395752,0.09365591406822205,0.04270743206143379
210,1439,24532.5953273805,47.322447711595956,31.442889585883588,7.218417290477932,43.852190760422246,3.4929746603475955,0.569793164730072,0.09064844995737076,0.1651291400194168,-2.8518149852752686,1.26410710811615,0.04886873811483383,0.040066078305244446,0.5825105905532837,0.08096332848072052,0.20966990292072296,-2.8560781478881836,1.2614564895629883,0.06796280294656754,0.042500000447034836,0.5768648386001587,0.08516258001327515,0.20805828273296356,-2.9046590328216553,1.2982934713363647,0.04924968630075455,0.04272925853729248
211,1440,24532.6952753215,50.35521153829863,34.12844732595046,54.760932165300275,6.995472548013107,9.116098950951272,0.574683666229248,0.0871715396642685,0.17985627055168152,-2.8491199016571045,1.2712494134902954,0.04341523349285126,0.040066078305244446,0.5886061787605286,0.07596812397241592,0.2269338071346283,-2.8554399013519287,1.2598233222961426,0.07247651368379593,0.042500000447034836,0.5753936171531677,0.08303157985210419,0.17426222562789917,-2.6983275413513184,1.2391241788864136,0.01855907030403614,0.042757149785757065
212,1441,24532.795696208,47.45901863338222,36.797854918587625,40.714032263517616,16.300713779687587,6.147320492012201,0.5798195004463196,0.08310916274785995,0.19473829865455627,-2.848409652709961,1.2736605405807495,0.03861461952328682,0.040066078305244446,0.5928570032119751,0.07244409620761871,0.2391076385974884,-2.8554399013519287,1.2598233222961426,0.07247651368379593,0.042500000447034836,0.5695106387138367,0.08266715705394745,0.20735754072666168,-2.9641096591949463,1.2698023319244385,0.04162127152085304,0.04253073036670685
213,1442,24532.862675552,44.4444523192209,29.216704182983126,8.240877867576277,45.35721733123419,4.890645402392655,0.5832662582397461,0.08037745207548141,0.20447872579097748,-2.8488082885742188,1.2743409872055054,0.03747337684035301,0.040066078305244446,0.5951923131942749,0.07098780572414398,0.24625088274478912,-2.8554399013519287,1.2598233222961426,0.07247651368379593,0.042500000447034836,0.590616762638092,0.07721038907766342,0.2491241842508316,-2.9460484981536865,1.2555115222930908,0.07721979916095734,0.04262568801641464
214,1443,24532.9630020615,30.049500353567677,20.506746734389523,29.896483987061906,3.9779720651296513,3.8354622367684876,0.5878260731697083,0.07717633992433548,0.21866363286972046,-2.850398302078247,1.2754755020141602,0.039861585944890976,0.040066078305244446,0.5954541563987732,0.07084883004426956,0.24703170359134674,-2.8554399013519287,1.2598233222961426,0.07247651368379593,0.042500000447034836,0.5909733176231384,0.07491963356733322,0.2177545726299286,-2.9188432693481445,1.2767808437347412,0.04647023603320122,0.04271966964006424
215,1444,24533.062983475502,19.57993002701763,10.296360890614718,17.127441740438577,8.309585673217093,3.3573945148700264,0.5901876091957092,0.07568692415952682,0.22781236469745636,-2.8519837856292725,1.2760851383209229,0.04338478296995163,0.040066078305244446,0.5950492024421692,0.07116056978702545,0.24623112380504608,-2.8554399013519287,1.2598233222961426,0.07247651368379593,0.042500000447034836,0.597990095615387,0.07338368892669678,0.22950515151023865,-2.907708168029785,1.28450608253479,0.05532710254192352,0.04262790083885193
216,1445,24533.163064742002,10.296360890614718,7.43960093547343,10.858789430569818,5.9086377203075555,3.0349151010679094,0.5918039083480835,0.0741722583770752,0.23693527281284332,-2.8546199798583984,1.2769705057144165,0.050242166966199875,0.040066078305244446,0.5950492024421692,0.07116056978702545,0.24623112380504608,-2.8554399013519287,1.2598233222961426,0.07247651368379593,0.042500000447034836,0.5969515442848206,0.07162359356880188,0.23555029928684235,-2.8707497119903564,1.3240654468536377,0.058127254247665405,0.042674608528614044
217,1446,24533.26314776,7.43960093547343,6.493873010737528,32.51336551150813,39.86038871033165,1.8234429237090317,0.5926809906959534,0.07341662794351578,0.23954910039901733,-2.854900360107422,1.2767205238342285,0.05017293244600296,0.040066078305244446,0.5950492024421692,0.07116056978702545,0.24623112380504608,-2.8554399013519287,1.2598233222961426,0.07247651368379593,0.042500000447034836,0.6003969311714172,0.06323935836553574,0.27730804681777954,-2.8403384685516357,1.304862380027771,0.08583527058362961,0.04271196946501732
218,1447,24533.363512541502,6.493873010737528,5.2792113756237145,10.53152868966107,16.722309365101182,2.9046403431550005,0.5933270454406738,0.07294835895299911,0.24023042619228363,-2.854543924331665,1.2759941816329956,0.04805108532309532,0.040066078305244446,0.5950492024421692,0.07116056978702545,0.24623112380504608,-2.8554399013519287,1.2598233222961426,0.07247651368379593,0.042500000447034836,0.6011955738067627,0.07021697610616684,0.25473082065582275,-2.8859658241271973,1.3044686317443848,0.05363084003329277,0.04273061081767082
219,1448,24533.4637136765,5.2792113756237145,4.183832637181346,4.994010406402424,7.9723215402191,4.760013742575788,0.5939444303512573,0.07268880307674408,0.24130019545555115,-2.854227304458618,1.2755379676818848,0.046518273651599884,0.040066078305244446,0.5950492024421692,0.07116056978702545,0.24623112380504608,-2.8554399013519287,1.2598233222961426,0.07247651368379593,0.042500000447034836,0.6000431180000305,0.07118149101734161,0.2462085485458374,-2.9166736602783203,1.3207844495773315,0.06630923599004745,0.04275519773364067
220,1449,24533.5640511865,4.183832637181346,3.631647364527879,17.086228351972984,20.93598651406927,2.465973891521569,0.5941696763038635,0.07251289486885071,0.24237079918384552,-2.854555368423462,1.2753105163574219,0.046987105160951614,0.040066078305244446,0.5950492024421692,0.07116056978702545,0.24623112380504608,-2.8554399013519287,1.2598233222961426,0.07247651368379593,0.042500000447034836,0.6022579073905945,0.07230126112699509,0.26168015599250793,-2.887627601623535,1.2905375957489014,0.06660571694374084,0.04267045482993126
221,1450,24533.664093409,3.631647364527879,,32.64009087233351,33.17033859823838,107.17376824078008,0.5942631363868713,0.0723901093006134,0.24290558695793152,-2.8547937870025635,1.275143027305603,0.04732165485620499,0.040066078305244446,0.5950492024421692,0.07116056978702545,0.24623112380504608,-2.8554399013519287,1.2598233222961426,0.07247651368379593,0.042500000447034836,0.5853469967842102,0.04053393751382828,0.24046465754508972,1.1277395486831665,-0.6402505040168762,-0.09658017754554749,0.04284821078181267
